epoch,drep_id,opinion,stake,delegated_stake,Wprime,Wprime_share
0,d1,0.6544398189618225,0.6113047022702557,13.722392928860309,14.333697631130564,0.013862374699709717
0,d2,0.8657904556599825,0.4939656381711477,5.332503341026566,5.826468979197714,0.005634882097028253
0,d3,0.4884693494414028,0.3244126329386243,6.873596928151601,7.198009561090226,0.006961323462775988
0,d4,0.8521109433758144,0.4488741264327569,17.207128818054553,17.65600294448731,0.017075435439917
0,d5,0.5976278055296033,0.3770782987358936,10.094709692964281,10.471787991700175,0.010127452988933939
0,d6,0.1245014614097484,0.9410440826651544,8.02115971482273,8.962203797487884,0.008667507182941687
0,d7,0.0262212851512604,0.7786285541496077,15.825977785563419,16.604606339713026,0.016058611025975868
0,d8,0.6274282350072956,0.7941431291160147,13.98170124782386,14.775844376939874,0.014289982705710505
0,d9,0.5265792043051974,0.4446969168644754,5.4177803342688025,5.862477251133278,0.005669706339223493
0,d10,0.3143485732319948,0.6411853212437485,14.53937234900898,15.180557670252728,0.01468138815196965
0,d11,0.012965800260955,0.4343314804627135,3.203534812174325,3.6378662926370384,0.0035182453930417443
0,d12,0.8799873829195879,0.1936586649349718,11.75873540498452,11.952394069919492,0.01155937354196468
0,d13,0.506101177231038,0.8852114162040516,12.016537596142758,12.90174901234681,0.012477511643773571
0,d14,0.5444230936121223,0.1744367993785583,2.0472183932657333,2.221655192644292,0.0021486023722939256
0,d15,0.3081433129804166,0.4069817224912835,4.425524317665655,4.832506040156939,0.004673602805864555
0,d16,0.485483917169024,0.195995144533855,4.359622076622027,4.555617221155882,0.004405818689167655
0,d17,0.4636981486018401,0.7157943570835169,11.892874041195334,12.608668398278851,0.012194068153197398
0,d18,0.6562992050084688,0.5876211117391754,7.374630065308359,7.962251177047535,0.00770043516403742
0,d19,0.0645924756622676,0.3094112672137011,10.747321363760813,11.056732630974514,0.01069316338529367
0,d20,0.1706040861918495,0.1919625787356293,2.23610430849231,2.4280668872279394,0.0023482268046180832
0,d21,0.1745034817816525,0.9857688480178474,2.089535576881735,3.0753044248995822,0.0029741817743556523
0,d22,0.2867821130034348,0.8524396209435144,16.660026948436506,17.51246656938002,0.016936618850786928
0,d23,0.5928511758762783,0.6658927728842667,9.245767321369645,9.91166009425391,0.009585743306339758
0,d24,0.4645978847235158,0.6980691261430666,8.72780757609261,9.425876702235676,0.009115933521289787
0,d25,0.54418885648056,0.3295363735742088,2.9929397923876024,3.3224761659618114,0.0032132259748097395
0,d26,0.0917319320962545,0.4258718268257104,13.125886945286483,13.551758772112194,0.013106147678955885
0,d27,0.2515461287328163,0.4554322151331479,0.6764768106553986,1.1319090257885465,0.0010946894126876183
0,d28,0.1547776989927841,0.688988609150576,10.81165134079109,11.500639949941666,0.011122474073004951
0,d29,0.8816447243746165,0.9885882560521442,3.259768984419888,4.248357240472032,0.004108662080169957
0,d30,0.9310925732279818,0.0234537744007987,9.74880778371976,9.77226155812056,0.009450928495102588
0,d31,0.5482226586022307,0.7780081544782027,16.222564120700145,17.00057227517835,0.016441556746403237
0,d32,0.2344981479828095,0.4098458376430103,19.486457460708586,19.896303298351597,0.019242069880266183
0,d33,0.0094030343609957,0.9000735037389241,4.485021700795812,5.3850952045347364,0.005208021645213292
0,d34,0.515830317011737,0.1904041414108747,16.93542198487188,17.125826126282753,0.016562691980400352
0,d35,0.1658120032268633,0.0730273189076899,5.790872029232468,5.8638993481401585,0.0056710816746098
0,d36,0.2140482222139993,0.6283400454437265,22.219136004574132,22.847476050017857,0.022096201698864084
0,d37,0.0821213165850166,0.2041415713138661,16.317064271449112,16.521205842762978,0.015977952917467102
0,d38,0.3639718259096396,0.4468174574773836,25.66965452456462,26.116471982042004,0.025257705985317434
0,d39,0.9837124663063006,0.1273734868813091,6.86634478634938,6.993718273230689,0.00676374971362388
0,d40,0.8668445628519528,0.3017682512486745,4.057710247065457,4.3594784983141315,0.0042161294310902615
0,d41,0.7000735673961688,0.2469737301341866,12.002981574431077,12.249955304565264,0.011847150320638261
0,d42,0.5357815987985837,0.8495861051218173,0.4221998201469487,1.271785925268766,0.0012299668576517962
0,d43,0.4396428866509466,0.2179595435495449,29.050330816994766,29.26829036054431,0.028305885769251127
0,d44,0.8328760100402087,0.6823319381851302,20.900697141182988,21.583029079368117,0.020873332475155125
0,d45,0.3030794458486493,0.1861247600403534,7.273709829195929,7.459834589236283,0.007214539118591131
0,d46,0.9755901817670072,0.6538686303833499,10.186518361694919,10.840386992078269,0.01048393165819805
0,d47,0.6743192461462838,0.1391328076011917,11.870439225332738,12.00957203293393,0.01161467137008063
0,d48,0.2205459956643096,0.484017762343897,7.300250854529925,7.784268616873822,0.0075283050547917
0,d49,0.2509652227320427,0.8138284459558288,5.491103821619101,6.304932267574929,0.006097612479252528
0,d50,0.7066151143844396,0.1464049330716936,2.4044104036753096,2.5508153367470032,0.002466939020044345
0,d51,0.6344371556795654,0.3660915419148296,12.079164253183613,12.445255795098443,0.012036028909295535
0,d52,0.8666370322756829,0.6024049540095762,0.6310752814845952,1.2334802354941714,0.001192920741677297
0,d53,0.0153435184241378,0.043445465085906,5.540627777714628,5.584073242800534,0.00540045685589215
0,d54,0.6671007577243941,0.4878484261523147,9.043498644292603,9.531347070444918,0.009217935796031335
0,d55,0.9665935345745804,0.2676511989587375,7.704915740399356,7.972566939358093,0.007710411721806542
0,d56,0.8837891182365298,0.2352217504365444,6.111446822419711,6.346668572856255,0.006137976404687557
0,d57,0.8960927939461778,0.5031062205331591,17.449765492004015,17.952871712537174,0.017362542521791716
0,d58,0.808713605691692,0.7652957803972872,12.092461026812284,12.85775680720957,0.012434965997341457
0,d59,0.8835605560536158,0.2785415708873054,0.5866224079102691,0.8651639787975745,0.0008367155188718551
0,d60,0.0530691010978995,0.6341458655587995,15.372323923962288,16.006469789521088,0.015480142497217152
0,d61,0.1068950431605513,0.8878624212898746,20.402828798435838,21.290691219725712,0.020590607315635032
0,d62,0.4810361814027525,0.4980689154368473,3.678561849782736,4.176630765219583,0.004039294126315577
0,d63,0.9588885552695924,0.5868707054277651,8.933465273105288,9.520335978533053,0.009207286772599747
0,d64,0.254208034357211,0.8659825989947968,1.4682858723470162,2.334268471341813,0.0022575126832019383
0,d65,0.728807609223443,0.8262963710263229,29.618425322665498,30.44472169369182,0.029443633499686792
0,d66,0.7651449313999641,0.7694785527235976,37.342256613229246,38.111735165952844,0.036858539012230504
0,d67,0.1760745289285016,0.9169920807946326,18.86614256612966,19.783134646924292,0.01913262245848306
0,d68,0.4733699804701081,0.3277302362645178,4.415516969480747,4.743247205745265,0.004587278994680855
0,d69,0.4738333218056985,0.7957833956176842,2.025836087977634,2.821619483595318,0.0027288385417486034
0,d70,0.9202588659866592,0.10508190786601,5.683185708162962,5.788267616028972,0.005597936877175515
0,d71,0.8928386014560008,0.5430077933202487,5.608649669832471,6.15165746315272,0.005949377681393337
0,d72,0.9246557343897472,0.4363575029985441,3.851552761912197,4.2879102649107415,0.004146914515751223
0,d73,0.067467742271406,0.8436386228790356,7.797022607232705,8.640661230111741,0.008356537629545075
0,d74,0.496608869306429,0.3615195821952451,10.200073947529669,10.561593529724913,0.010214305526935311
0,d75,0.5746293793880668,0.365584666592786,24.675297477446257,25.040882144039042,0.024217483863900945
0,d76,0.7060377125073254,0.1129787309299515,3.339088825202505,3.4520675561324565,0.0033385561202217764
0,d77,0.2542711304075598,0.2887596219715777,0.4913208684868736,0.7800804904584513,0.0007544297593652708
0,d78,0.5368160302349912,0.8539911936979437,1.683004850654512,2.5369960443524557,0.0024535741358261923
0,d79,0.2682169375493792,0.6092329103607209,19.132397219888805,19.741630130249526,0.019092482699944662
0,d80,0.7971016943513751,0.9025653819796856,12.29420538861045,13.196770770590136,0.012762832449512766
0,d81,0.8009676948429488,0.8673533346226489,3.6119563121497023,4.479309646772351,0.004332020272614407
0,d82,0.7114870336058631,0.2413743301854386,6.220761499209874,6.462135829395312,0.006249646848482573
0,d83,0.8034162723982934,0.9834214774010058,3.119967544999006,4.103389022400012,0.003968460730163869
0,d84,0.6112706779071959,0.8926937029287524,13.53174017211645,14.424433875045203,0.013950127339981492
0,d85,0.997974812425625,0.4427630638911477,9.963640215932525,10.406403279823673,0.010064218267580803
0,d86,0.1435155109136522,0.4624106724908055,8.771531688640515,9.233942361131321,0.008930310395798991
0,d87,0.9868092549045336,0.270694995865657,7.390348653502139,7.661043649367796,0.007409131990318917
0,d88,0.9376854924595306,0.0920662406924429,15.804958096538696,15.897024337231139,0.015374295847743578
0,d89,0.4100009917072433,0.4545954163571419,32.861921333381645,33.31651674973879,0.032220997732711774
0,d90,0.9149656348427831,0.2367012264626057,15.975563207634993,16.212264434097598,0.015679170169470912
0,d91,0.8031993908453471,0.397035394488437,0.6595869025805066,1.0566222970689436,0.0010218782741883742
0,d92,0.5305900956354336,0.2328557197307569,0.0,0.2328557197307569,0.00022519892081913125
0,d93,0.9236596612673486,0.3530180492575545,4.359469042066079,4.712487091323633,0.004557530339247207
0,d94,0.1303922567881379,0.0547321770051526,8.991570470878079,9.046302647883232,0.008748840681526392
0,d95,0.5304011260016314,0.6835341219591398,0.922756377660167,1.6062904996193068,0.001553472199242315
0,d96,0.3455306175895897,0.7282142121533487,14.265640815528906,14.993855027682255,0.014500824695467204
0,d97,0.0042710944505345,0.6829353338644084,8.676959721363467,9.359895055227875,0.009052121493321538
0,d98,0.5338480167445093,0.4716822415158711,2.0444143647915642,2.5160966063074355,0.002433361916435976
0,d99,0.5414739621638829,0.4733438217980411,3.4452195015596985,3.9185633233577395,0.0037897124992331967
0,d100,0.3482105918290328,0.5991346407809729,11.646244617908405,12.245379258689377,0.011842724745032647
1,d1,0.7544398189618224,0.6113047022702557,14.341069865773424,14.952374568043679,0.014460708202917697
1,d2,0.9657904556599824,0.4939656381711477,5.332503341026566,5.826468979197714,0.005634882097028253
1,d3,0.5884693494414028,0.3244126329386243,6.873596928151601,7.198009561090226,0.006961323462775988
1,d4,0.9521109433758144,0.4488741264327569,17.336612012328466,17.78548613876122,0.017200660947147034
1,d5,0.6976278055296032,0.3770782987358936,11.114301703071074,11.491380001806968,0.01111351861196158
1,d6,0.2245014614097485,0.9410440826651544,9.05021904563736,9.991263128302515,0.009662728820727818
1,d7,0.1262212851512604,0.7786285541496077,16.961115141879944,17.739743696029553,0.017156422614712195
1,d8,0.7274282350072956,0.7941431291160147,15.031450497826823,15.825593626942837,0.015305213933462625
1,d9,0.6265792043051974,0.4446969168644754,5.495130959090703,5.939827875955179,0.005744513508464252
1,d10,0.4143485732319948,0.6411853212437485,14.269979278899202,14.91116460014295,0.014420853307753577
1,d11,0.112965800260955,0.4343314804627135,3.203534812174325,3.6378662926370384,0.0035182453930417443
1,d12,0.979987382919588,0.1936586649349718,11.490519040854746,11.684177705789718,0.011299976711094915
1,d13,0.606101177231038,0.8852114162040516,12.016537596142758,12.90174901234681,0.012477511643773571
1,d14,0.6444230936121222,0.1744367993785583,1.6513533316296818,1.82579013100824,0.0017657542087464852
1,d15,0.4081433129804166,0.4069817224912835,4.575565292959655,4.982547015450939,0.004818710109880656
1,d16,0.585483917169024,0.195995144533855,4.359622076622027,4.555617221155882,0.004405818689167655
1,d17,0.5636981486018401,0.7157943570835169,11.189863886365512,11.905658243449029,0.011514174490393568
1,d18,0.7562992050084688,0.5876211117391754,7.374630065308359,7.962251177047535,0.00770043516403742
1,d19,0.1645924756622676,0.3094112672137011,11.084115302433833,11.393526569647534,0.011018882811963913
1,d20,0.2706040861918495,0.1919625787356293,1.8744967959734224,2.066459374709052,0.0019985097279944003
1,d21,0.2745034817816525,0.9857688480178474,1.9450349116730905,2.9308037596909378,0.0028344326030651217
1,d22,0.3867821130034348,0.8524396209435144,18.14428412981277,18.996723750756285,0.018372070450818335
1,d23,0.6928511758762783,0.6658927728842667,9.991451100724056,10.657343873608323,0.010306907392741042
1,d24,0.5645978847235158,0.6980691261430666,9.696540971907025,10.39461009805009,0.010052812871091056
1,d25,0.64418885648056,0.3295363735742088,2.0557513047855673,2.3852876783597763,0.0023068542685182793
1,d26,0.1917319320962545,0.4258718268257104,13.125886945286483,13.551758772112194,0.013106147678955885
1,d27,0.3515461287328163,0.4554322151331479,0.6764768106553986,1.1319090257885465,0.0010946894126876183
1,d28,0.2547776989927841,0.688988609150576,10.81165134079109,11.500639949941666,0.011122474073004951
1,d29,0.9816447243746164,0.9885882560521442,2.8967009934335035,3.8852892494856475,0.00375753254876466
1,d30,1.0,0.0234537744007987,9.74880778371976,9.77226155812056,0.009450928495102588
1,d31,0.6482226586022307,0.7780081544782027,15.472254372816325,16.250262527294527,0.015715918803307468
1,d32,0.3344981479828095,0.4098458376430103,19.865128238858034,20.274974076501046,0.019608289145498742
1,d33,0.1094030343609957,0.9000735037389241,4.485021700795812,5.3850952045347364,0.005208021645213292
1,d34,0.615830317011737,0.1904041414108747,16.93542198487188,17.125826126282753,0.016562691980400352
1,d35,0.2658120032268632,0.0730273189076899,5.454078090559449,5.527105409467139,0.005345362247939558
1,d36,0.3140482222139993,0.6283400454437265,21.703450368795043,22.331790414238768,0.021597472920401362
1,d37,0.1821213165850166,0.2041415713138661,15.238020931951553,15.442162503265418,0.014934390853142918
1,d38,0.4639718259096396,0.4468174574773836,24.816715422408997,25.26353287988638,0.024432813362744187
1,d39,1.0,0.1273734868813091,6.86634478634938,6.993718273230689,0.00676374971362388
1,d40,0.9668445628519527,0.3017682512486745,4.057710247065457,4.3594784983141315,0.0042161294310902615
1,d41,0.8000735673961687,0.2469737301341866,11.537173415497147,11.784147145631334,0.0113966589398727
1,d42,0.6357815987985836,0.8495861051218173,0.4221998201469487,1.271785925268766,0.0012299668576517962
1,d43,0.5396428866509466,0.2179595435495449,28.15510605348957,28.373065597039112,0.02744009792918845
1,d44,0.9328760100402088,0.6823319381851302,19.266859956061907,19.949191894247036,0.019293219384916807
1,d45,0.4030794458486493,0.1861247600403534,6.564999779149184,6.751124539189537,0.006529132985433911
1,d46,1.0,0.6538686303833499,10.186518361694919,10.840386992078269,0.01048393165819805
1,d47,0.7743192461462838,0.1391328076011917,11.302713399078552,11.441846206679744,0.011065613594985294
1,d48,0.3205459956643096,0.484017762343897,6.281088796543435,6.765106558887332,0.006542655246130173
1,d49,0.3509652227320426,0.8138284459558288,6.8144278522423205,7.628256298198149,0.007377422758059302
1,d50,0.8066151143844396,0.1464049330716936,2.4044104036753096,2.5508153367470032,0.002466939020044345
1,d51,0.7344371556795654,0.3660915419148296,12.730010637582955,13.096102179497786,0.012665474059087172
1,d52,0.9666370322756828,0.6024049540095762,0.6310752814845952,1.2334802354941714,0.001192920741677297
1,d53,0.1153435184241378,0.043445465085906,6.445325320819422,6.488770785905328,0.006275405990104928
1,d54,0.7671007577243941,0.4878484261523147,9.90464485954046,10.392493285692774,0.01005076566409526
1,d55,1.0,0.2676511989587375,7.704915740399356,7.972566939358093,0.007710411721806542
1,d56,0.9837891182365298,0.2352217504365444,6.111446822419711,6.346668572856255,0.006137976404687557
1,d57,0.9960927939461778,0.5031062205331591,16.693733865300526,17.196840085833685,0.016631370847608143
1,d58,0.908713605691692,0.7652957803972872,12.092461026812284,12.85775680720957,0.012434965997341457
1,d59,0.9835605560536158,0.2785415708873054,0.5866224079102691,0.8651639787975745,0.0008367155188718551
1,d60,0.1530691010978995,0.6341458655587995,15.00707964057536,15.64122550613416,0.015126908234605097
1,d61,0.2068950431605513,0.8878624212898746,20.41908394480307,21.306946366092944,0.020606327957687076
1,d62,0.5810361814027525,0.4980689154368473,3.678561849782736,4.176630765219583,0.004039294126315577
1,d63,1.0,0.5868707054277651,7.854409214864898,8.441279920292663,0.008163712407752464
1,d64,0.354208034357211,0.8659825989947968,1.4682858723470162,2.334268471341813,0.0022575126832019383
1,d65,0.828807609223443,0.8262963710263229,28.248316441309626,29.07461281233595,0.028118576757070326
1,d66,0.8651449313999641,0.7694785527235976,37.10874985976717,37.87822841249077,0.03663271046507503
1,d67,0.2760745289285016,0.9169920807946326,18.02980138209278,18.946793462887413,0.018323781978637967
1,d68,0.5733699804701081,0.3277302362645178,4.971415459781125,5.299145696045643,0.00512489834216942
1,d69,0.5738333218056985,0.7957833956176842,2.025836087977634,2.821619483595318,0.0027288385417486034
1,d70,1.0,0.10508190786601,5.683185708162962,5.788267616028972,0.005597936877175515
1,d71,0.9928386014560008,0.5430077933202487,5.608649669832471,6.15165746315272,0.005949377681393337
1,d72,1.0,0.4363575029985441,3.851552761912197,4.2879102649107415,0.004146914515751223
1,d73,0.167467742271406,0.8436386228790356,8.424659301947866,9.268297924826902,0.008963536274370165
1,d74,0.596608869306429,0.3615195821952451,10.200073947529669,10.561593529724913,0.010214305526935311
1,d75,0.6746293793880668,0.365584666592786,23.62397372043521,23.989558387027994,0.023200729902331282
1,d76,0.8060377125073254,0.1129787309299515,2.416121058858297,2.5290997897882486,0.002445937527163847
1,d77,0.3542711304075597,0.2887596219715777,1.2789310808854508,1.5676907028570284,0.0015161416471530047
1,d78,0.6368160302349912,0.8539911936979437,2.450998796243595,3.3049899899415385,0.003196314782018031
1,d79,0.3682169375493792,0.6092329103607209,19.010868702901178,19.620101613261898,0.018974950303033786
1,d80,0.8971016943513751,0.9025653819796856,12.280773515413768,13.183338897393455,0.01274984224531263
1,d81,0.9009676948429488,0.8673533346226489,3.6119563121497023,4.479309646772351,0.004332020272614407
1,d82,0.811487033605863,0.2413743301854386,4.916360522273029,5.157734852458468,0.004988137392493042
1,d83,0.9034162723982934,0.9834214774010058,3.875999171702497,4.859420649103503,0.004699632404347442
1,d84,0.7112706779071959,0.8926937029287524,14.388794215588716,15.281487918517469,0.014778999595714763
1,d85,1.0,0.4427630638911477,9.963640215932525,10.406403279823673,0.010064218267580803
1,d86,0.2435155109136522,0.4624106724908055,8.771531688640515,9.233942361131321,0.008930310395798991
1,d87,1.0,0.270694995865657,7.390348653502139,7.661043649367796,0.007409131990318917
1,d88,1.0,0.0920662406924429,15.57527821464367,15.667344455336114,0.015152168336353987
1,d89,0.5100009917072433,0.4545954163571419,32.5567151451996,33.01131056155674,0.0319258273830833
1,d90,1.0,0.2367012264626057,15.975563207634993,16.212264434097598,0.015679170169470912
1,d91,0.9031993908453472,0.397035394488437,0.6595869025805066,1.0566222970689436,0.0010218782741883742
1,d92,0.6305900956354336,0.2328557197307569,0.0,0.2328557197307569,0.00022519892081913125
1,d93,1.0,0.3530180492575545,4.359469042066079,4.712487091323633,0.004557530339247207
1,d94,0.2303922567881379,0.0547321770051526,8.590909831889558,8.645642008894711,0.008361354629565776
1,d95,0.6304011260016313,0.6835341219591398,0.922756377660167,1.6062904996193068,0.001553472199242315
1,d96,0.4455306175895897,0.7282142121533487,14.90230222660362,15.630516438756969,0.015116551304489266
1,d97,0.1042710944505345,0.6829353338644084,10.957588528284827,11.640523862149236,0.01125775830010286
1,d98,0.6338480167445093,0.4716822415158711,2.2436536506589433,2.7153358921748145,0.002626049784331117
1,d99,0.6414739621638829,0.4733438217980411,3.4452195015596985,3.9185633233577395,0.0037897124992331967
1,d100,0.4482105918290328,0.5991346407809729,12.555569528797909,13.154704169578881,0.012722149089184674
2,d1,0.8544398189618224,0.6113047022702557,11.524242675240504,12.13554737751076,0.011736504373286749
2,d2,1.0,0.4939656381711477,5.332503341026566,5.826468979197714,0.005634882097028253
2,d3,0.6884693494414028,0.3244126329386243,5.903251437310889,6.227664070249513,0.006022885027114168
2,d4,1.0,0.4488741264327569,16.24731195027401,16.696186076706766,0.016147179423452795
2,d5,0.7976278055296032,0.3770782987358936,12.844180287388756,13.22125858612465,0.012786515052791598
2,d6,0.3245014614097485,0.9410440826651544,6.85498016174012,7.796024244405275,0.007539674131903895
2,d7,0.2262212851512604,0.7786285541496077,21.0030982150216,21.781726769171208,0.02106549655583414
2,d8,0.8274282350072956,0.7941431291160147,15.03796257559369,15.832105704709704,0.015311511880049826
2,d9,0.7265792043051974,0.4446969168644754,4.711510289924827,5.156207206789302,0.004986659979112396
2,d10,0.5143485732319948,0.6411853212437485,14.203784912840218,14.844970234083966,0.014356835555395912
2,d11,0.212965800260955,0.4343314804627135,3.203534812174325,3.6378662926370384,0.0035182453930417443
2,d12,1.0,0.1936586649349718,11.490519040854746,11.684177705789718,0.011299976711094915
2,d13,0.7061011772310379,0.8852114162040516,11.71978865563418,12.60500007183823,0.012190520449251816
2,d14,0.7444230936121222,0.1744367993785583,1.6513533316296818,1.82579013100824,0.0017657542087464852
2,d15,0.5081433129804166,0.4069817224912835,4.031217274109287,4.438198996600571,0.004292261429397833
2,d16,0.685483917169024,0.195995144533855,3.711151196251196,3.907146340785051,0.003778670931702224
2,d17,0.6636981486018401,0.7157943570835169,12.457182704170638,13.172977061254155,0.01273982112872175
2,d18,0.8562992050084688,0.5876211117391754,7.169634009956204,7.75725512169538,0.007502179821669781
2,d19,0.2645924756622677,0.3094112672137011,10.89046802824663,11.199879295460331,0.010831603078329075
2,d20,0.3706040861918495,0.1919625787356293,2.7540609666258837,2.946023545361513,0.0028491519293160515
2,d21,0.3745034817816525,0.9857688480178474,1.9450349116730905,2.9308037596909378,0.0028344326030651217
2,d22,0.4867821130034347,0.8524396209435144,18.502856715599382,19.355296336542896,0.01871885239565456
2,d23,0.7928511758762783,0.6658927728842667,10.505335820771874,11.17122859365614,0.010803894473470776
2,d24,0.6645978847235158,0.6980691261430666,9.242623267329988,9.940692393473054,0.009613820960865955
2,d25,0.74418885648056,0.3295363735742088,2.0557513047855673,2.3852876783597763,0.0023068542685182793
2,d26,0.2917319320962545,0.4258718268257104,13.221360995801625,13.647232822627336,0.013198482336515946
2,d27,0.4515461287328163,0.4554322151331479,1.4400176649371565,1.8954498800703043,0.0018331233948306708
2,d28,0.3547776989927841,0.688988609150576,9.767778782577784,10.45676739172836,0.010112926298725856
2,d29,1.0,0.9885882560521442,1.9547345062294441,2.9433227622815883,0.0028465399538160773
2,d30,1.0,0.0234537744007987,9.74880778371976,9.77226155812056,0.009450928495102588
2,d31,0.7482226586022307,0.7780081544782027,16.03511294441955,16.813121098897753,0.016260269369595497
2,d32,0.4344981479828095,0.4098458376430103,17.698998981894444,18.108844819537456,0.017513386896213286
2,d33,0.2094030343609957,0.9000735037389241,4.748200466455287,5.648273970194211,0.005462546524729044
2,d34,0.7158303170117369,0.1904041414108747,17.69313976393114,17.883543905342012,0.017295494362609028
2,d35,0.3658120032268632,0.0730273189076899,5.685528555523481,5.758555874431171,0.005569202121803312
2,d36,0.4140482222139993,0.6283400454437265,21.640564630406093,22.268904675849818,0.02153665500089103
2,d37,0.2821213165850166,0.2041415713138661,16.553595729734965,16.75773730104883,0.01620670671061996
2,d38,0.5639718259096396,0.4468174574773836,25.371341163981203,25.818158621458586,0.024969201812231234
2,d39,1.0,0.1273734868813091,6.86634478634938,6.993718273230689,0.00676374971362388
2,d40,1.0,0.3017682512486745,4.057710247065457,4.3594784983141315,0.0042161294310902615
2,d41,0.9000735673961687,0.2469737301341866,13.355794191165996,13.602767921300183,0.013155479537165421
2,d42,0.7357815987985836,0.8495861051218173,0.4221998201469487,1.271785925268766,0.0012299668576517962
2,d43,0.6396428866509466,0.2179595435495449,27.3349827092545,27.552942252804044,0.026646942011550413
2,d44,1.0,0.6823319381851302,17.74684066519298,18.42917260337811,0.017823181610780354
2,d45,0.5030794458486493,0.1861247600403534,6.557306686909696,6.74343144695005,0.006521692858680323
2,d46,1.0,0.6538686303833499,10.186518361694919,10.840386992078269,0.01048393165819805
2,d47,0.8743192461462838,0.1391328076011917,12.65874433545466,12.797877143055851,0.012377055305853948
2,d48,0.4205459956643096,0.484017762343897,8.065312076982984,8.54932983932688,0.008268209412117377
2,d49,0.4509652227320426,0.8138284459558288,7.7932579018402715,8.6070863477961,0.008324066761864202
2,d50,0.9066151143844396,0.1464049330716936,1.7453253916527112,1.8917303247244048,0.0018295261464968437
2,d51,0.8344371556795653,0.3660915419148296,11.823157224956327,12.189248766871158,0.01178843994499799
2,d52,1.0,0.6024049540095762,0.6310752814845952,1.2334802354941714,0.001192920741677297
2,d53,0.2153435184241378,0.043445465085906,8.249814842110482,8.293260307196388,0.008020559999179938
2,d54,0.8671007577243941,0.4878484261523147,8.205542686427385,8.6933911125797,0.00840753363960845
2,d55,1.0,0.2676511989587375,7.704915740399356,7.972566939358093,0.007710411721806542
2,d56,1.0,0.2352217504365444,5.697382373247662,5.932604123684206,0.0057375272887674866
2,d57,1.0,0.5031062205331591,14.391203874237698,14.894310094770857,0.014404553014915058
2,d58,1.0,0.7652957803972872,10.39633486573097,11.161630646128257,0.01079461212718417
2,d59,1.0,0.2785415708873054,0.5866224079102691,0.8651639787975745,0.0008367155188718551
2,d60,0.2530691010978995,0.6341458655587995,14.792555776060015,15.426701641618815,0.014919438378014651
2,d61,0.3068950431605513,0.8878624212898746,20.57555290244722,21.463415323737095,0.020757651878112564
2,d62,0.6810361814027525,0.4980689154368473,2.8997473987313285,3.3978163141681756,0.0032860887762476616
2,d63,1.0,0.5868707054277651,7.854409214864898,8.441279920292663,0.008163712407752464
2,d64,0.454208034357211,0.8659825989947968,1.4682858723470162,2.334268471341813,0.0022575126832019383
2,d65,0.928807609223443,0.8262963710263229,26.860617566649832,27.686913937676156,0.02677650841811498
2,d66,0.965144931399964,0.7694785527235976,33.105237516458814,33.87471606918241,0.032760842253112765
2,d67,0.3760745289285016,0.9169920807946326,17.24572319703668,18.16271527783131,0.01756548597750635
2,d68,0.6733699804701081,0.3277302362645178,5.572752686712883,5.900482922977401,0.0057064623025049575
2,d69,0.6738333218056984,0.7957833956176842,0.9690133521303975,1.7647967477480817,0.0017067664196418096
2,d70,1.0,0.10508190786601,5.683185708162962,5.788267616028972,0.005597936877175515
2,d71,1.0,0.5430077933202487,5.608649669832471,6.15165746315272,0.005949377681393337
2,d72,1.0,0.4363575029985441,3.468393451954574,3.9047509549531183,0.0037763543113292293
2,d73,0.2674677422714061,0.8436386228790356,8.827708635745529,9.671347258624564,0.009353332475696263
2,d74,0.696608869306429,0.3615195821952451,9.902972472100549,10.264492054295793,0.009926973389602495
2,d75,0.7746293793880668,0.365584666592786,24.35264855028258,24.718233216875365,0.023905444330215773
2,d76,0.9060377125073252,0.1129787309299515,2.416121058858297,2.5290997897882486,0.002445937527163847
2,d77,0.4542711304075597,0.2887596219715777,2.0689015513932145,2.357661173364792,0.002280136182666369
2,d78,0.7368160302349912,0.8539911936979437,2.450998796243595,3.3049899899415385,0.003196314782018031
2,d79,0.4682169375493792,0.6092329103607209,20.58599211951556,21.19522502987628,0.02049828026026502
2,d80,0.9971016943513752,0.9025653819796856,10.146072660490969,11.048638042470655,0.010685334964339906
2,d81,1.0,0.8673533346226489,1.9878863931842625,2.8552397278069113,0.0027613532797283306
2,d82,0.911487033605863,0.2413743301854386,6.645640337206521,6.887014667391959,0.006660554752769251
2,d83,1.0,0.9834214774010058,3.176354907375087,4.159776384776093,0.004022993954297738
2,d84,0.8112706779071959,0.8926937029287524,14.638205342089305,15.530899045018058,0.015020209545778094
2,d85,1.0,0.4427630638911477,9.963640215932525,10.406403279823673,0.010064218267580803
2,d86,0.3435155109136522,0.4624106724908055,9.433468221881718,9.895878894372524,0.00957048102638963
2,d87,1.0,0.270694995865657,7.390348653502139,7.661043649367796,0.007409131990318917
2,d88,1.0,0.0920662406924429,15.57527821464367,15.667344455336114,0.015152168336353987
2,d89,0.6100009917072433,0.4545954163571419,32.06955606046128,32.524151476818425,0.03145468714106066
2,d90,1.0,0.2367012264626057,14.233459459767658,14.470160686230264,0.01399435055486873
2,d91,1.0,0.397035394488437,0.6595869025805066,1.0566222970689436,0.0010218782741883742
2,d92,0.7305900956354335,0.2328557197307569,0.0,0.2328557197307569,0.00022519892081913125
2,d93,1.0,0.3530180492575545,4.359469042066079,4.712487091323633,0.004557530339247207
2,d94,0.3303922567881379,0.0547321770051526,9.7463862032584,9.801118380263553,0.009478836442617837
2,d95,0.7304011260016313,0.6835341219591398,0.922756377660167,1.6062904996193068,0.001553472199242315
2,d96,0.5455306175895897,0.7282142121533487,14.833081554271665,15.561295766425014,0.015049606757344127
2,d97,0.2042710944505345,0.6829353338644084,22.092571503226143,22.77550683709055,0.022026598989073783
2,d98,0.7338480167445093,0.4716822415158711,2.0444143647915642,2.5160966063074355,0.002433361916435976
2,d99,0.7414739621638828,0.4733438217980411,3.8502215315313864,4.323565353329427,0.004181397187866312
2,d100,0.5482105918290328,0.5991346407809729,12.246482396601314,12.845617037382286,0.012423225409361664
3,d1,0.9544398189618224,0.6113047022702557,10.031787263114989,10.643091965385244,0.010293124118037025
3,d2,1.0,0.4939656381711477,4.88030070221809,5.374266340389237,0.005197548857505593
3,d3,0.7884693494414028,0.3244126329386243,4.4365671164939045,4.760979749432529,0.004604428454038639
3,d4,1.0,0.4488741264327569,14.727493211815476,15.176367338248234,0.014677335607130396
3,d5,0.8976278055296032,0.3770782987358936,10.914345600461312,11.291423899197206,0.010920137497806494
3,d6,0.4245014614097485,0.9410440826651544,8.894950328904606,9.83599441156976,0.009512565674700664
3,d7,0.3262212851512605,0.7786285541496077,22.61779601389733,23.39642456804694,0.022627099604177945
3,d8,0.9274282350072957,0.7941431291160147,13.932194236925188,14.726337366041202,0.0142421035922395
3,d9,0.8265792043051974,0.4446969168644754,4.5830863513153375,5.027783268179813,0.004862458896933097
3,d10,0.6143485732319948,0.6411853212437485,16.113625779920227,16.754811101163977,0.016203876730506384
3,d11,0.3129658002609551,0.4343314804627135,3.780263789359158,4.214595269821872,0.0040760102760230175
3,d12,1.0,0.1936586649349718,9.987061768447226,10.180720433382199,0.009845956360487539
3,d13,0.8061011772310379,0.8852114162040516,9.779345318865193,10.664556735069244,0.01031388307974111
3,d14,0.8444230936121222,0.1744367993785583,2.420175531184872,2.5946123305634305,0.0025092958741254295
3,d15,0.6081433129804166,0.4069817224912835,4.098853197449426,4.5058349199407095,0.004357673337520238
3,d16,0.785483917169024,0.195995144533855,2.4926425657966345,2.6886377103304895,0.0026002294963599786
3,d17,0.76369814860184,0.7157943570835169,12.584197669962727,13.299992027046244,0.01286265956815253
3,d18,0.9562992050084688,0.5876211117391754,6.397408505541014,6.98502961728019,0.006755346759443997
3,d19,0.3645924756622677,0.3094112672137011,10.232339711781165,10.541750978994866,0.010195115442122826
3,d20,0.4706040861918494,0.1919625787356293,2.337661467000649,2.5296240457362784,0.0024464445444441862
3,d21,0.4745034817816524,0.9857688480178474,2.766451866202142,3.7522207142199893,0.0036288395942971536
3,d22,0.5867821130034347,0.8524396209435144,16.21962324658975,17.072062867533266,0.01651069657369914
3,d23,0.8928511758762783,0.6658927728842667,11.240038957156525,11.905931730040791,0.011514438984155604
3,d24,0.7645978847235158,0.6980691261430666,8.98604265190058,9.684111778043645,0.009365677270152141
3,d25,0.84418885648056,0.3295363735742088,1.9710452511128616,2.3005816246870703,0.0022249335328112184
3,d26,0.3917319320962545,0.4258718268257104,13.791080957898252,14.216952784723963,0.01374946867596093
3,d27,0.5515461287328163,0.4554322151331479,2.130090488573314,2.5855227037064616,0.00250050513382837
3,d28,0.4547776989927841,0.688988609150576,10.359982997580365,11.048971606730941,0.01068565756028699
3,d29,1.0,0.9885882560521442,1.6300374702775249,2.618625726329669,0.0025325196575824663
3,d30,1.0,0.0234537744007987,9.74880778371976,9.77226155812056,0.009450928495102588
3,d31,0.8482226586022307,0.7780081544782027,13.009239433538598,13.7872475880168,0.013333893114060556
3,d32,0.5344981479828095,0.4098458376430103,16.541727856075905,16.951573693718917,0.016394169344113564
3,d33,0.3094030343609958,0.9000735037389241,5.246997793936583,6.147071297675507,0.00594494231894074
3,d34,0.8158303170117369,0.1904041414108747,14.3412316347664,14.531635776177275,0.01405380421110416
3,d35,0.4658120032268632,0.0730273189076899,5.4207557001584945,5.493783019066185,0.0053131355696939666
3,d36,0.5140482222139993,0.6283400454437265,24.244953842935296,24.87329388837902,0.02405540627199023
3,d37,0.3821213165850167,0.2041415713138661,17.360053297972204,17.56419486928607,0.016986646212485922
3,d38,0.6639718259096395,0.4468174574773836,24.932949337716224,25.379766795193607,0.02454522525591149
3,d39,1.0,0.1273734868813091,6.86634478634938,6.993718273230689,0.00676374971362388
3,d40,1.0,0.3017682512486745,3.9160130285962484,4.217781279844923,0.0040790915231563914
3,d41,1.0,0.2469737301341866,11.924519457042804,12.17149318717699,0.011771268207106956
3,d42,0.8357815987985836,0.8495861051218173,1.1657799532693716,2.015366058391189,0.0019490964702519778
3,d43,0.7396428866509466,0.2179595435495449,27.20193695747804,27.419896501027583,0.026518271091401778
3,d44,1.0,0.6823319381851302,14.403335862176801,15.085667800361932,0.014589618465913482
3,d45,0.6030794458486493,0.1861247600403534,7.801960081335202,7.988084841375556,0.007725419361695097
3,d46,1.0,0.6538686303833499,10.186518361694919,10.840386992078269,0.01048393165819805
3,d47,0.9743192461462836,0.1391328076011917,9.522819219063425,9.661952026664617,0.009344246179251958
3,d48,0.5205459956643096,0.484017762343897,11.185060687684022,11.669078450027918,0.011285373951469078
3,d49,0.5509652227320426,0.8138284459558288,8.400961304267417,9.214789750223247,0.008911787564097221
3,d50,1.0,0.1464049330716936,1.7453253916527112,1.8917303247244048,0.0018295261464968437
3,d51,0.9344371556795652,0.3660915419148296,11.21351346110828,11.57960500302311,0.011198842584617758
3,d52,1.0,0.6024049540095762,0.6310752814845952,1.2334802354941714,0.001192920741677297
3,d53,0.3153435184241379,0.043445465085906,8.249814842110482,8.293260307196388,0.008020559999179938
3,d54,0.967100757724394,0.4878484261523147,7.645517041737744,8.133365467890059,0.00786592284747944
3,d55,1.0,0.2676511989587375,7.704915740399356,7.972566939358093,0.007710411721806542
3,d56,1.0,0.2352217504365444,5.697382373247662,5.932604123684206,0.0057375272887674866
3,d57,1.0,0.5031062205331591,14.391203874237698,14.894310094770857,0.014404553014915058
3,d58,1.0,0.7652957803972872,8.482087591071327,9.247383371468613,0.008943309436690822
3,d59,1.0,0.2785415708873054,0.5866224079102691,0.8651639787975745,0.0008367155188718551
3,d60,0.3530691010978996,0.6341458655587995,17.403217826688017,18.037363692246817,0.017444256222749907
3,d61,0.4068950431605513,0.8878624212898746,20.931174729228324,21.8190371505182,0.02110158009127148
3,d62,0.7810361814027524,0.4980689154368473,3.930120468548404,4.428189383985251,0.0042825809544608465
3,d63,1.0,0.5868707054277651,7.854409214864898,8.441279920292663,0.008163712407752464
3,d64,0.554208034357211,0.8659825989947968,1.4682858723470162,2.334268471341813,0.0022575126832019383
3,d65,1.0,0.8262963710263229,23.557841042465334,24.384137413491658,0.023582334318319968
3,d66,1.0,0.7694785527235976,29.839285292339664,30.60876384506326,0.02960228159087567
3,d67,0.4760745289285015,0.9169920807946326,21.502141105663473,22.419133186458104,0.021681943673655304
3,d68,0.7733699804701081,0.3277302362645178,5.266069323881729,5.593799560146247,0.005409863350919765
3,d69,0.7738333218056984,0.7957833956176842,0.4542797604325005,1.2500631560501847,0.001208958379994971
3,d70,1.0,0.10508190786601,5.011630383182168,5.116712291048178,0.004948463741489254
3,d71,1.0,0.5430077933202487,4.128262754093409,4.671270547413658,0.0045176690843072255
3,d72,1.0,0.4363575029985441,3.468393451954574,3.9047509549531183,0.0037763543113292293
3,d73,0.3674677422714061,0.8436386228790356,9.975136159082155,10.81877478196119,0.01046303010422072
3,d74,0.7966088693064289,0.3615195821952451,9.401681309111124,9.763200891306369,0.009442165762579561
3,d75,0.8746293793880667,0.365584666592786,25.812473495240848,26.178058161833633,0.025317267078523494
3,d76,1.0,0.1129787309299515,2.0386735300274883,2.15165226095744,0.0020809012881707507
3,d77,0.5542711304075597,0.2887596219715777,4.561537536432169,4.850297158403747,0.0046908089137238755
3,d78,0.8368160302349912,0.8539911936979437,2.450998796243595,3.3049899899415385,0.003196314782018031
3,d79,0.5682169375493792,0.6092329103607209,20.24382465684422,20.853057567204942,0.02016736400266953
3,d80,1.0,0.9025653819796856,9.87273439107594,10.775299773055627,0.010420984647491312
3,d81,1.0,0.8673533346226489,1.3130766558837248,2.1804299905063735,0.0021087327438272323
3,d82,1.0,0.2413743301854386,6.307800376166062,6.549174706351501,0.006333823699205874
3,d83,1.0,0.9834214774010058,2.804523767195774,3.78794524459678,0.003663389424968806
3,d84,0.9112706779071958,0.8926937029287524,13.521133820010814,14.413827522939567,0.013939869747637276
3,d85,1.0,0.4427630638911477,9.963640215932525,10.406403279823673,0.010064218267580803
3,d86,0.4435155109136522,0.4624106724908055,12.346440672189122,12.808851344679926,0.012387668652030073
3,d87,1.0,0.270694995865657,7.390348653502139,7.661043649367796,0.007409131990318917
3,d88,1.0,0.0920662406924429,14.579769520172276,14.671835760864719,0.014189394117536253
3,d89,0.7100009917072433,0.4545954163571419,30.665119653911567,31.119715070268708,0.030096431636408266
3,d90,1.0,0.2367012264626057,13.509571290571767,13.746272517034372,0.013294265391896806
3,d91,1.0,0.397035394488437,0.6595869025805066,1.0566222970689436,0.0010218782741883742
3,d92,0.8305900956354335,0.2328557197307569,0.0,0.2328557197307569,0.00022519892081913125
3,d93,1.0,0.3530180492575545,3.4795544965372676,3.832572545794822,0.0037065492841317675
3,d94,0.430392256788138,0.0547321770051526,9.841733226105683,9.896465403110836,0.009571048249454074
3,d95,0.8304011260016313,0.6835341219591398,0.922756377660167,1.6062904996193068,0.001553472199242315
3,d96,0.6455306175895896,0.7282142121533487,16.19948384267793,16.927698054831282,0.016371078787791482
3,d97,0.3042710944505346,0.6829353338644084,38.47529255190806,39.15822788577247,0.037870620791544116
3,d98,0.8338480167445093,0.4716822415158711,4.05693059396758,4.528612835483451,0.004379702266011519
3,d99,0.8414739621638828,0.4733438217980411,3.832521089875911,4.305864911673952,0.004164278774956189
3,d100,0.6482105918290327,0.5991346407809729,10.60588495697282,11.205019597753793,0.010836574356382756
4,d1,1.0,0.6113047022702557,8.524732716272341,9.136037418542596,0.008835624779146184
4,d2,1.0,0.4939656381711477,4.88030070221809,5.374266340389237,0.005197548857505593
4,d3,0.8884693494414028,0.3244126329386243,3.585965126261424,3.910377759200048,0.003781796094101558
4,d4,1.0,0.4488741264327569,14.184574326197767,14.633448452630525,0.01415226906689336
4,d5,0.9976278055296032,0.3770782987358936,8.372922510306404,8.750000809042298,0.008462281887003945
4,d6,0.5245014614097485,0.9410440826651544,10.495502494709523,11.436546577374678,0.011060488228936214
4,d7,0.4262212851512604,0.7786285541496077,25.61184875576022,26.39047730990983,0.025522701426296403
4,d8,1.0,0.7941431291160147,11.041698721601326,11.83584185071734,0.011446653811421884
4,d9,0.9265792043051974,0.4446969168644754,5.047837409665833,5.492534326530309,0.005311927936865195
4,d10,0.7143485732319947,0.6411853212437485,16.21018536128946,16.85137068253321,0.016297261224321877
4,d11,0.4129658002609551,0.4343314804627135,3.923411756670623,4.357743237133336,0.00421445122904435
4,d12,1.0,0.1936586649349718,9.509617592714795,9.703276257649767,0.009384211580283536
4,d13,0.906101177231038,0.8852114162040516,8.402322782888756,9.287534199092809,0.008982140018397892
4,d14,0.9444230936121222,0.1744367993785583,2.420175531184872,2.5946123305634305,0.0025092958741254295
4,d15,0.7081433129804166,0.4069817224912835,4.015551445429517,4.4225331679208,0.004277110726995071
4,d16,0.885483917169024,0.195995144533855,2.352257690022028,2.548252834555883,0.0024644607784589365
4,d17,0.86369814860184,0.7157943570835169,11.142740846075334,11.858535203158851,0.011468600957429315
4,d18,1.0,0.5876211117391754,5.548083338248065,6.135704449987241,0.005933949237750926
4,d19,0.4645924756622677,0.3094112672137011,11.214936085632885,11.524347352846586,0.011145401925306735
4,d20,0.5706040861918494,0.1919625787356293,3.0313436582729385,3.223306237008568,0.00311731696727579
4,d21,0.5745034817816524,0.9857688480178474,2.766451866202142,3.7522207142199893,0.0036288395942971536
4,d22,0.6867821130034347,0.8524396209435144,16.312520641805605,17.16496026274912,0.016600539301950386
4,d23,0.9928511758762782,0.6658927728842667,10.634416485518042,11.300309258402308,0.010928730687213192
4,d24,0.8645978847235157,0.6980691261430666,6.779677314591853,7.47774644073492,0.007231861989732238
4,d25,0.94418885648056,0.3295363735742088,1.9710452511128616,2.3005816246870703,0.0022249335328112184
4,d26,0.4917319320962545,0.4258718268257104,15.624892493037384,16.050764319863095,0.015522980527748436
4,d27,0.6515461287328163,0.4554322151331479,2.271206487413835,2.7266387025469827,0.0026369809338900744
4,d28,0.5547776989927841,0.688988609150576,9.369672841835238,10.058661450985813,0.009727910941016072
4,d29,1.0,0.9885882560521442,1.6300374702775249,2.618625726329669,0.0025325196575824663
4,d30,1.0,0.0234537744007987,9.215878971976027,9.239332746376826,0.008935523533537203
4,d31,0.9482226586022308,0.7780081544782027,15.160792151958773,15.938800306436976,0.015414698132867628
4,d32,0.6344981479828095,0.4098458376430103,15.107906121662399,15.517751959305409,0.015007494764634524
4,d33,0.4094030343609958,0.9000735037389241,6.546285210029992,7.446358713768916,0.007201506359009992
4,d34,0.9158303170117368,0.1904041414108747,13.579697749920502,13.770101891331377,0.013317311204907908
4,d35,0.5658120032268632,0.0730273189076899,5.809378595810302,5.882405914717992,0.005688979705314025
4,d36,0.6140482222139992,0.6283400454437265,25.92212842164276,26.550468467086485,0.02567743172872765
4,d37,0.4821213165850166,0.2041415713138661,19.093401319347585,19.29754289066145,0.018662998007791008
4,d38,0.7639718259096395,0.4468174574773836,22.573334466930287,23.02015192440767,0.02226319961761415
4,d39,1.0,0.1273734868813091,6.86634478634938,6.993718273230689,0.00676374971362388
4,d40,1.0,0.3017682512486745,3.9160130285962484,4.217781279844923,0.0040790915231563914
4,d41,1.0,0.2469737301341866,10.23006649401599,10.477040224150176,0.010132532516638901
4,d42,0.9357815987985836,0.8495861051218173,1.1657799532693716,2.015366058391189,0.0019490964702519778
4,d43,0.8396428866509466,0.2179595435495449,22.04289685139031,22.260856394939854,0.02152887136483747
4,d44,1.0,0.6823319381851302,13.390113136087242,14.072445074272373,0.013609712691090257
4,d45,0.7030794458486492,0.1861247600403534,7.543525325406578,7.729650085446932,0.007475482498625659
4,d46,1.0,0.6538686303833499,10.186518361694919,10.840386992078269,0.01048393165819805
4,d47,1.0,0.1391328076011917,8.53092432617821,8.670057133779402,0.008384966932420326
4,d48,0.6205459956643096,0.484017762343897,11.946007233847858,12.430024996191754,0.012021298931947479
4,d49,0.6509652227320426,0.8138284459558288,8.463285238241566,9.277113684197396,0.008972062152535116
4,d50,1.0,0.1464049330716936,1.5496396287817182,1.696044561853412,0.0016402749540882114
4,d51,1.0,0.3660915419148296,10.473634836394929,10.83972637830976,0.01048329276683683
4,d52,1.0,0.6024049540095762,0.6310752814845952,1.2334802354941714,0.001192920741677297
4,d53,0.4153435184241378,0.043445465085906,9.707469148126233,9.750914613212139,0.00943028348384102
4,d54,1.0,0.4878484261523147,6.65454447225365,7.142392898405965,0.006907535596063763
4,d55,1.0,0.2676511989587375,7.704915740399356,7.972566939358093,0.007710411721806542
4,d56,1.0,0.2352217504365444,4.722056086289917,4.957277836726461,0.0047942718363208825
4,d57,1.0,0.5031062205331591,14.391203874237698,14.894310094770857,0.014404553014915058
4,d58,1.0,0.7652957803972872,7.532098461768125,8.297394242165412,0.008024558001440038
4,d59,1.0,0.2785415708873054,0.5866224079102691,0.8651639787975745,0.0008367155188718551
4,d60,0.4530691010978995,0.6341458655587995,20.768036982059098,21.402182847617897,0.020698432858038372
4,d61,0.5068950431605513,0.8878624212898746,20.341436738321704,21.22929915961158,0.020531233959032277
4,d62,0.8810361814027524,0.4980689154368473,3.087652469125967,3.585721384562814,0.0034678151221507986
4,d63,1.0,0.5868707054277651,7.854409214864898,8.441279920292663,0.008163712407752464
4,d64,0.654208034357211,0.8659825989947968,2.3008445167231777,3.1668271157179744,0.0030626950014586694
4,d65,1.0,0.8262963710263229,17.994213223148837,18.82050959417516,0.01820165059623625
4,d66,1.0,0.7694785527235976,28.32139028429824,29.090868837021837,0.028134298248560008
4,d67,0.5760745289285015,0.9169920807946326,21.363058412441486,22.280050493236118,0.021547434319732515
4,d68,0.873369980470108,0.3277302362645178,4.38654010742753,4.714270343692048,0.004559254954426854
4,d69,0.8738333218056984,0.7957833956176842,1.4400728314936413,2.2358562271113254,0.002162336446080857
4,d70,1.0,0.10508190786601,5.011630383182168,5.116712291048178,0.004948463741489254
4,d71,1.0,0.5430077933202487,4.128262754093409,4.671270547413658,0.0045176690843072255
4,d72,1.0,0.4363575029985441,3.468393451954574,3.9047509549531183,0.0037763543113292293
4,d73,0.4674677422714061,0.8436386228790356,12.965823542197858,13.809462165076894,0.013355377227855016
4,d74,0.8966088693064289,0.3615195821952451,8.626732049787618,8.988251631982862,0.008692698508388736
4,d75,0.9746293793880668,0.365584666592786,20.154941757830283,20.520526424423068,0.01984576720195612
4,d76,1.0,0.1129787309299515,2.0386735300274883,2.15165226095744,0.0020809012881707507
4,d77,0.6542711304075597,0.2887596219715777,6.145772993126824,6.434532615098402,0.006222951287480288
4,d78,0.9368160302349912,0.8539911936979437,2.450998796243595,3.3049899899415385,0.003196314782018031
4,d79,0.6682169375493792,0.6092329103607209,19.251914960377977,19.861147870738698,0.01920807043903058
4,d80,1.0,0.9025653819796856,9.799995528743862,10.702560910723548,0.010350637596030709
4,d81,1.0,0.8673533346226489,1.2854815425280344,2.152834877150683,0.0020820450173897258
4,d82,1.0,0.2413743301854386,4.741948998573431,4.983323328758869,0.00481946089633059
4,d83,1.0,0.9834214774010058,2.055190248728591,3.038611726129597,0.002938695610758312
4,d84,1.0,0.8926937029287524,12.433929521873647,13.3266232248024,0.012888415074616971
4,d85,1.0,0.4427630638911477,9.963640215932525,10.406403279823673,0.010064218267580803
4,d86,0.5435155109136522,0.4624106724908055,11.772830054630333,12.235240727121138,0.01183291959027631
4,d87,1.0,0.270694995865657,7.390348653502139,7.661043649367796,0.007409131990318917
4,d88,1.0,0.0920662406924429,12.587637037455101,12.679703278147544,0.012262767252817726
4,d89,0.8100009917072433,0.4545954163571419,28.446355297912696,28.900950714269836,0.027950625043808162
4,d90,1.0,0.2367012264626057,12.746138590754379,12.982839817216984,0.012555936007865778
4,d91,1.0,0.397035394488437,0.6595869025805066,1.0566222970689436,0.0010218782741883742
4,d92,0.9305900956354336,0.2328557197307569,0.5329288117437324,0.7657845314744893,0.000740603882384515
4,d93,1.0,0.3530180492575545,3.4795544965372676,3.832572545794822,0.0037065492841317675
4,d94,0.530392256788138,0.0547321770051526,9.677540081278828,9.732272258283981,0.009412254129800662
4,d95,0.9304011260016312,0.6835341219591398,0.922756377660167,1.6062904996193068,0.001553472199242315
4,d96,0.7455306175895896,0.7282142121533487,20.405510986905497,21.133725199058848,0.020438802676692413
4,d97,0.4042710944505345,0.6829353338644084,67.17705861814194,67.85999395200635,0.06562861080867867
4,d98,0.9338480167445092,0.4716822415158711,3.50052248105264,3.9722047225685113,0.0038415900534004795
4,d99,0.9414739621638828,0.4733438217980411,3.9211922528922676,4.394536074690309,0.004250034238649113
4,d100,0.7482105918290327,0.5991346407809729,10.03284108267835,10.631975723459323,0.010282373402150912
5,d1,1.0,0.6113047022702557,7.449266675836712,8.060571378106967,0.007795522384565676
5,d2,1.0,0.4939656381711477,4.88030070221809,5.374266340389237,0.005197548857505593
5,d3,0.9884693494414027,0.3244126329386243,4.453619485413608,4.778032118352232,0.00462092010424404
5,d4,1.0,0.4488741264327569,14.184574326197767,14.633448452630525,0.01415226906689336
5,d5,1.0,0.3770782987358936,6.033834603609067,6.410912902344961,0.006200108241888437
5,d6,0.6245014614097485,0.9410440826651544,11.17064069259589,12.111684775261045,0.011713426424929776
5,d7,0.5262212851512604,0.7786285541496077,28.46255216855074,29.24118072270035,0.028279667554842153
5,d8,1.0,0.7941431291160147,10.691515036691916,11.48565816580793,0.01110798492228637
5,d9,1.0,0.4446969168644754,3.5454037838167114,3.990100700681187,0.0038588975731068333
5,d10,0.8143485732319947,0.6411853212437485,19.06855792067613,19.70974324191988,0.019061644321362342
5,d11,0.5129658002609551,0.4343314804627135,3.810475953594022,4.244807434056735,0.004105228999055325
5,d12,1.0,0.1936586649349718,8.192589400048773,8.386248064983745,0.008110490118686201
5,d13,1.0,0.8852114162040516,5.602274837682462,6.487486253886513,0.006274163696272811
5,d14,1.0,0.1744367993785583,2.420175531184872,2.5946123305634305,0.0025092958741254295
5,d15,0.8081433129804165,0.4069817224912835,3.7635463512881655,4.170528073779449,0.004033392104548624
5,d16,0.985483917169024,0.195995144533855,1.4518789562771024,1.6478741008109574,0.0015936884418278991
5,d17,0.96369814860184,0.7157943570835169,10.084047720812109,10.799842077895626,0.010444719948349597
5,d18,1.0,0.5876211117391754,3.6728057618874717,4.260426873626647,0.0041203348377223375
5,d19,0.5645924756622677,0.3094112672137011,13.934462469790244,14.243873737003945,0.013775504409194733
5,d20,0.6706040861918494,0.1919625787356293,1.9828772629358196,2.174839841671449,0.0021033264111578053
5,d21,0.6745034817816524,0.9857688480178474,2.459768503370987,3.4455373513888343,0.00333224064271196
5,d22,0.7867821130034347,0.8524396209435144,18.31436952772732,19.166809148670833,0.018536563073553725
5,d23,1.0,0.6658927728842667,8.196130603843638,8.862023376727905,0.008570620910753743
5,d24,0.9645978847235156,0.6980691261430666,6.642345956851687,7.340415082994754,0.007099046383598658
5,d25,1.0,0.3295363735742088,1.6571647532169405,1.9867011267911492,0.0019213741035042455
5,d26,0.5917319320962545,0.4258718268257104,16.70471699154752,17.13058881837323,0.016567298064889963
5,d27,0.7515461287328162,0.4554322151331479,2.271206487413835,2.7266387025469827,0.0026369809338900744
5,d28,0.654777698992784,0.688988609150576,12.071097985902243,12.760086595052819,0.012340507392677124
5,d29,1.0,0.9885882560521442,0.7892789913631992,1.7778672474153434,0.0017194071330545512
5,d30,1.0,0.0234537744007987,9.215878971976027,9.239332746376826,0.008935523533537203
5,d31,1.0,0.7780081544782027,13.36516968473987,14.143177839218072,0.013678119609978669
5,d32,0.7344981479828094,0.4098458376430103,16.422573464558294,16.832419302201306,0.01627893300630038
5,d33,0.5094030343609958,0.9000735037389241,7.028088249298523,7.928161753037447,0.007667466673904156
5,d34,1.0,0.1904041414108747,11.156495000642726,11.346899142053601,0.010973788594880188
5,d35,0.6658120032268632,0.0730273189076899,6.7186311170376465,6.791658435945337,0.0065683340401323075
5,d36,0.7140482222139992,0.6283400454437265,25.195554882174033,25.823894927617758,0.024974749496256464
5,d37,0.5821213165850166,0.2041415713138661,19.97194889857552,20.176090469889385,0.019512657045409477
5,d38,0.8639718259096395,0.4468174574773836,21.926993005552276,22.37381046302966,0.021638111259246626
5,d39,1.0,0.1273734868813091,6.86634478634938,6.993718273230689,0.00676374971362388
5,d40,1.0,0.3017682512486745,3.9160130285962484,4.217781279844923,0.0040790915231563914
5,d41,1.0,0.2469737301341866,9.669469011397164,9.91644274153135,0.009590368689846692
5,d42,1.0,0.8495861051218173,0.7435801331224227,1.59316623824424,0.0015407794919228184
5,d43,0.9396428866509464,0.2179595435495449,17.066919182031608,17.28487872558115,0.016716514586763178
5,d44,1.0,0.6823319381851302,11.051965434519497,11.734297372704628,0.011348448335129328
5,d45,0.8030794458486492,0.1861247600403534,5.872676948512908,6.058801708553261,0.005859575224525098
5,d46,1.0,0.6538686303833499,10.186518361694919,10.840386992078269,0.01048393165819805
5,d47,1.0,0.1391328076011917,8.33433934713795,8.473472154739142,0.008194846092011909
5,d48,0.7205459956643095,0.484017762343897,11.79133459525451,12.275352357598406,0.01187171226372329
5,d49,0.7509652227320426,0.8138284459558288,7.8089361222959495,8.622764568251778,0.00833922944857452
5,d50,1.0,0.1464049330716936,1.2681514673248755,1.4145564003965692,0.0013680427312476515
5,d51,1.0,0.3660915419148296,10.380918239257303,10.747009781172133,0.010393624891632572
5,d52,1.0,0.6024049540095762,0.6310752814845952,1.2334802354941714,0.001192920741677297
5,d53,0.5153435184241378,0.043445465085906,12.614748218790806,12.658193683876712,0.012241964940456021
5,d54,1.0,0.4878484261523147,6.234588858370114,6.722437284522429,0.006501389029649761
5,d55,1.0,0.2676511989587375,7.704915740399356,7.972566939358093,0.007710411721806542
5,d56,1.0,0.2352217504365444,4.722056086289917,4.957277836726461,0.0047942718363208825
5,d57,1.0,0.5031062205331591,14.391203874237698,14.894310094770857,0.014404553014915058
5,d58,1.0,0.7652957803972872,6.707004746152872,7.47230052655016,0.007226595148966206
5,d59,1.0,0.2785415708873054,0.5866224079102691,0.8651639787975745,0.0008367155188718551
5,d60,0.5530691010978995,0.6341458655587995,22.531415360463278,23.165561226022078,0.022403827547383244
5,d61,0.6068950431605513,0.8878624212898746,24.361666540308747,25.24952896159862,0.024419269923530888
5,d62,0.9810361814027524,0.4980689154368473,2.1732526085904587,2.671321524027306,0.0025834827036563725
5,d63,1.0,0.5868707054277651,7.2779606373951795,7.864831342822945,0.007606218704338154
5,d64,0.754208034357211,0.8659825989947968,2.3008445167231777,3.1668271157179744,0.0030626950014586694
5,d65,1.0,0.8262963710263229,16.357446256236653,17.183742627262976,0.01661870406175892
5,d66,1.0,0.7694785527235976,23.634170094721398,24.403648647444996,0.023601203980766833
5,d67,0.6760745289285015,0.9169920807946326,19.033898883779397,19.95089096457403,0.019294862586142342
5,d68,0.973369980470108,0.3277302362645178,3.454593280494967,3.782323516759485,0.003657952551682801
5,d69,0.9738333218056984,0.7957833956176842,1.4400728314936413,2.2358562271113254,0.002162336446080857
5,d70,1.0,0.10508190786601,5.011630383182168,5.116712291048178,0.004948463741489254
5,d71,1.0,0.5430077933202487,4.128262754093409,4.671270547413658,0.0045176690843072255
5,d72,1.0,0.4363575029985441,3.468393451954574,3.9047509549531183,0.0037763543113292293
5,d73,0.5674677422714061,0.8436386228790356,14.341894246306408,15.185532869185444,0.014686199755617625
5,d74,0.9966088693064288,0.3615195821952451,8.626732049787618,8.988251631982862,0.008692698508388736
5,d75,1.0,0.365584666592786,16.062554368659278,16.428139035252062,0.0158879463475629
5,d76,1.0,0.1129787309299515,1.3333622370241323,1.4463409679540837,0.0013987821535857905
5,d77,0.7542711304075597,0.2887596219715777,5.393233363560691,5.681992985532269,0.005495156786027304
5,d78,1.0,0.8539911936979437,2.450998796243595,3.3049899899415385,0.003196314782018031
5,d79,0.7682169375493791,0.6092329103607209,20.668831015128514,21.278063925489235,0.02057839523410142
5,d80,1.0,0.9025653819796856,7.801100479917417,8.703665861897102,0.008417470532980196
5,d81,1.0,0.8673533346226489,1.2854815425280344,2.152834877150683,0.0020820450173897258
5,d82,1.0,0.2413743301854386,4.464168875159656,4.705543205345094,0.004550814783234814
5,d83,1.0,0.9834214774010058,2.055190248728591,3.038611726129597,0.002938695610758312
5,d84,1.0,0.8926937029287524,10.04270226512839,10.935395968057144,0.010575816533876917
5,d85,1.0,0.4427630638911477,9.963640215932525,10.406403279823673,0.010064218267580803
5,d86,0.6435155109136522,0.4624106724908055,11.007660604072445,11.470071276563251,0.011092910563619607
5,d87,1.0,0.270694995865657,6.506062029009049,6.776757024874707,0.006553922619636954
5,d88,1.0,0.0920662406924429,12.587637037455101,12.679703278147544,0.012262767252817726
5,d89,0.9100009917072432,0.4545954163571419,26.67335308338516,27.1279484997423,0.026235922970854135
5,d90,1.0,0.2367012264626057,12.746138590754379,12.982839817216984,0.012555936007865778
5,d91,1.0,0.397035394488437,0.6595869025805066,1.0566222970689436,0.0010218782741883742
5,d92,1.0,0.2328557197307569,0.5329288117437324,0.7657845314744893,0.000740603882384515
5,d93,1.0,0.3530180492575545,2.8306088413632136,3.183626890620768,0.0030789423634839095
5,d94,0.6303922567881379,0.0547321770051526,10.571477115401262,10.626209292406415,0.010276796583803507
5,d95,1.0,0.6835341219591398,0.0,0.6835341219591398,0.0006610580439520062
5,d96,0.8455306175895896,0.7282142121533487,20.041335404499858,20.769549616653208,0.020086601973865546
5,d97,0.5042710944505345,0.6829353338644084,99.64954679537892,100.33248212924333,0.0970333334510139
5,d98,1.0,0.4716822415158711,3.50052248105264,3.9722047225685113,0.0038415900534004795
5,d99,1.0,0.4733438217980411,3.2690202192559656,3.7423640410540067,0.0036193070298301405
5,d100,0.8482105918290327,0.5991346407809729,10.001684358527353,10.600818999308325,0.010252241178372269
6,d1,1.0,0.6113047022702557,6.266292982681764,6.87759768495202,0.006651447421047707
6,d2,1.0,0.4939656381711477,4.88030070221809,5.374266340389237,0.005197548857505593
6,d3,1.0,0.3244126329386243,3.1967191185449177,3.521131751483542,0.0034053493356870856
6,d4,1.0,0.4488741264327569,13.63412492645609,14.082999052888848,0.013619919632098734
6,d5,1.0,0.3770782987358936,4.669849166625582,5.046927465361476,0.004880973591569949
6,d6,0.7245014614097485,0.9410440826651544,13.709499291228122,14.650543373893276,0.01416880187022888
6,d7,0.6262212851512604,0.7786285541496077,31.172634398286164,31.951262952435773,0.030900636428500057
6,d8,1.0,0.7941431291160147,9.288179545420556,10.08232267453657,0.009750794132440581
6,d9,1.0,0.4446969168644754,3.5454037838167114,3.990100700681187,0.0038588975731068333
6,d10,0.9143485732319948,0.6411853212437485,15.9683460903719,16.60953141161565,0.016063374150878745
6,d11,0.612965800260955,0.4343314804627135,4.456197357838399,4.890528838301113,0.004729717689106775
6,d12,1.0,0.1936586649349718,7.990098259633889,8.183756924568861,0.007914657324243386
6,d13,1.0,0.8852114162040516,4.945216494184483,5.830427910388535,0.005638710850012293
6,d14,1.0,0.1744367993785583,2.420175531184872,2.5946123305634305,0.0025092958741254295
6,d15,0.9081433129804164,0.4069817224912835,3.6130463883324175,4.020028110823701,0.003887840905376269
6,d16,1.0,0.195995144533855,1.4518789562771024,1.6478741008109574,0.0015936884418278991
6,d17,1.0,0.7157943570835169,9.092345996325438,9.808140353408955,0.00948562751812242
6,d18,1.0,0.5876211117391754,3.4576120290331174,4.045233140772293,0.003912217139510435
6,d19,0.6645924756622676,0.3094112672137011,13.461415699589981,13.770826966803682,0.0133180124383329
6,d20,0.7706040861918494,0.1919625787356293,1.8816284792484872,2.0735910579841166,0.0020054069061226656
6,d21,0.7745034817816524,0.9857688480178474,2.459768503370987,3.4455373513888343,0.00333224064271196
6,d22,0.8867821130034347,0.8524396209435144,17.039783459392982,17.892223080336496,0.017303888147587203
6,d23,1.0,0.6658927728842667,8.017001495851952,8.682894268736218,0.008397381954658247
6,d24,1.0,0.6980691261430666,4.491986587263818,5.190055713406885,0.005019395473737276
6,d25,1.0,0.3295363735742088,0.7509965389033428,1.0805329124775516,0.0010450026569278916
6,d26,0.6917319320962545,0.4258718268257104,16.677378684585175,17.103250511410884,0.01654085870049702
6,d27,0.8515461287328162,0.4554322151331479,1.5076656331320768,1.9630978482652246,0.0018985469517470216
6,d28,0.754777698992784,0.688988609150576,11.545195484294302,12.234184093444878,0.011831897700997103
6,d29,1.0,0.9885882560521442,0.7892789913631992,1.7778672474153434,0.0017194071330545512
6,d30,1.0,0.0234537744007987,9.215878971976027,9.239332746376826,0.008935523533537203
6,d31,1.0,0.7780081544782027,9.553496153467135,10.331504307945337,0.009991782135640533
6,d32,0.8344981479828094,0.4098458376430103,19.696270701390432,20.106116539033444,0.019444984008507266
6,d33,0.6094030343609957,0.9000735037389241,7.028088249298523,7.928161753037447,0.007667466673904156
6,d34,1.0,0.1904041414108747,7.392705133645473,7.583109275056348,0.007333760266532421
6,d35,0.7658120032268632,0.0730273189076899,7.495707305722321,7.568734624630011,0.007319858285653848
6,d36,0.8140482222139992,0.6283400454437265,25.346672315981344,25.97501236142507,0.02512089786250537
6,d37,0.6821213165850166,0.2041415713138661,19.054868757811587,19.259010329125452,0.018625732480088544
6,d38,0.9639718259096396,0.4468174574773836,19.742280599179335,20.189098056656718,0.0195252369146343
6,d39,1.0,0.1273734868813091,6.86634478634938,6.993718273230689,0.00676374971362388
6,d40,1.0,0.3017682512486745,3.9160130285962484,4.217781279844923,0.0040790915231563914
6,d41,1.0,0.2469737301341866,8.13879370186984,8.385767432004027,0.008110025289956772
6,d42,1.0,0.8495861051218173,0.7435801331224227,1.59316623824424,0.0015407794919228184
6,d43,1.0,0.2179595435495449,16.579236854515727,16.79719639806527,0.016244868307315433
6,d44,1.0,0.6823319381851302,9.006500094234571,9.688832032419702,0.009370242312371027
6,d45,0.9030794458486492,0.1861247600403534,6.200303082417555,6.386427842457909,0.006176428303645428
6,d46,1.0,0.6538686303833499,10.186518361694919,10.840386992078269,0.01048393165819805
6,d47,1.0,0.1391328076011917,7.339386154157345,7.478518961758536,0.007232609108596355
6,d48,0.8205459956643095,0.484017762343897,11.730357591049376,12.214375353393272,0.011812740315094938
6,d49,0.8509652227320426,0.8138284459558288,8.714615338324247,9.528443784280077,0.009215127976185176
6,d50,1.0,0.1464049330716936,1.2681514673248755,1.4145564003965692,0.0013680427312476515
6,d51,1.0,0.3660915419148296,8.198377957986942,8.564469499901772,0.008282851247958798
6,d52,1.0,0.6024049540095762,0.6310752814845952,1.2334802354941714,0.001192920741677297
6,d53,0.6153435184241378,0.043445465085906,12.614748218790806,12.658193683876712,0.012241964940456021
6,d54,1.0,0.4878484261523147,4.731971102656063,5.219819528808378,0.0050481805906140535
6,d55,1.0,0.2676511989587375,7.704915740399356,7.972566939358093,0.007710411721806542
6,d56,1.0,0.2352217504365444,4.722056086289917,4.957277836726461,0.0047942718363208825
6,d57,1.0,0.5031062205331591,13.203259830842628,13.706366051375786,0.013255671137006222
6,d58,1.0,0.7652957803972872,6.259056666880008,7.024352447277296,0.006793376569873999
6,d59,1.0,0.2785415708873054,0.5866224079102691,0.8651639787975745,0.0008367155188718551
6,d60,0.6530691010978995,0.6341458655587995,24.22031399032503,24.85445985588383,0.02403719154315517
6,d61,0.7068950431605513,0.8878624212898746,26.87281991096311,27.760682332252983,0.026847851148576872
6,d62,1.0,0.4980689154368473,2.1732526085904587,2.671321524027306,0.0025834827036563725
6,d63,1.0,0.5868707054277651,7.2779606373951795,7.864831342822945,0.007606218704338154
6,d64,0.8542080343572109,0.8659825989947968,1.3206916285584827,2.1866742275532793,0.0021147716568757414
6,d65,1.0,0.8262963710263229,14.900443513293247,15.72673988431957,0.015209610715369326
6,d66,1.0,0.7694785527235976,19.693418378468373,20.46289693119197,0.0197900326909121
6,d67,0.7760745289285015,0.9169920807946326,18.151446129694637,19.06843821048927,0.018441426784249478
6,d68,1.0,0.3277302362645178,3.1421254898001907,3.4698557260647087,0.003355759376713489
6,d69,1.0,0.7957833956176842,1.4400728314936413,2.2358562271113254,0.002162336446080857
6,d70,1.0,0.10508190786601,5.011630383182168,5.116712291048178,0.004948463741489254
6,d71,1.0,0.5430077933202487,4.128262754093409,4.671270547413658,0.0045176690843072255
6,d72,1.0,0.4363575029985441,3.468393451954574,3.9047509549531183,0.0037763543113292293
6,d73,0.667467742271406,0.8436386228790356,16.663756709198935,17.50739533207797,0.016931714366718593
6,d74,1.0,0.3615195821952451,8.118797116974841,8.480316699170086,0.008201465573041319
6,d75,1.0,0.365584666592786,13.364421668006793,13.73000633459958,0.013278534076666938
6,d76,1.0,0.1129787309299515,1.3333622370241323,1.4463409679540837,0.0013987821535857905
6,d77,0.8542711304075596,0.2887596219715777,4.592836545390518,4.881596167362096,0.004721078743678142
6,d78,1.0,0.8539911936979437,1.683004850654512,2.5369960443524557,0.0024535741358261923
6,d79,0.8682169375493791,0.6092329103607209,18.2095965819468,18.818829492307522,0.018200025739746162
6,d80,1.0,0.9025653819796856,7.801100479917417,8.703665861897102,0.008417470532980196
6,d81,1.0,0.8673533346226489,1.2854815425280344,2.152834877150683,0.0020820450173897258
6,d82,1.0,0.2413743301854386,3.628014722752359,3.8693890529377977,0.003742155185015433
6,d83,1.0,0.9834214774010058,2.055190248728591,3.038611726129597,0.002938695610758312
6,d84,1.0,0.8926937029287524,9.567848598413306,10.460542301342059,0.010116577081159622
6,d85,1.0,0.4427630638911477,9.963640215932525,10.406403279823673,0.010064218267580803
6,d86,0.7435155109136522,0.4624106724908055,8.643994338854561,9.106405011345366,0.00880696674948814
6,d87,1.0,0.270694995865657,6.506062029009049,6.776757024874707,0.006553922619636954
6,d88,1.0,0.0920662406924429,12.587637037455101,12.679703278147544,0.012262767252817726
6,d89,1.0,0.4545954163571419,23.373455644465572,23.828051060822713,0.023044533285783198
6,d90,1.0,0.2367012264626057,12.72631705096535,12.963018277427954,0.012536766243109197
6,d91,1.0,0.397035394488437,0.6595869025805066,1.0566222970689436,0.0010218782741883742
6,d92,1.0,0.2328557197307569,0.5329288117437324,0.7657845314744893,0.000740603882384515
6,d93,1.0,0.3530180492575545,2.8306088413632136,3.183626890620768,0.0030789423634839095
6,d94,0.7303922567881379,0.0547321770051526,12.486559003625613,12.541291180630767,0.012128906443965224
6,d95,1.0,0.6835341219591398,0.0,0.6835341219591398,0.0006610580439520062
6,d96,0.9455306175895896,0.7282142121533487,16.87373627092167,17.60195048307502,0.01702316034016106
6,d97,0.6042710944505345,0.6829353338644084,145.37843314692674,146.06136848079115,0.14125855526878417
6,d98,1.0,0.4716822415158711,3.0867999193335987,3.55848216084947,0.0034414715829356626
6,d99,1.0,0.4733438217980411,3.2690202192559656,3.7423640410540067,0.0036193070298301405
6,d100,0.9482105918290328,0.5991346407809729,8.48235907344467,9.081493714225642,0.008782874589613118
7,d1,1.0,0.6113047022702557,5.6028389095459055,6.214143611816161,0.006009809150551241
7,d2,1.0,0.4939656381711477,4.688379441356458,5.1823450795276065,0.005011938382150895
7,d3,1.0,0.3244126329386243,3.1967191185449177,3.521131751483542,0.0034053493356870856
7,d4,1.0,0.4488741264327569,12.931129154225077,13.380003280657835,0.012940039878962806
7,d5,1.0,0.3770782987358936,4.669849166625582,5.046927465361476,0.004880973591569949
7,d6,0.8245014614097484,0.9410440826651544,13.803863273930151,14.744907356595306,0.014260062961402692
7,d7,0.7262212851512604,0.7786285541496077,30.95008288098494,31.72871143513455,0.030685402885682875
7,d8,1.0,0.7941431291160147,8.393815012344715,9.18795814146073,0.008885838236573093
7,d9,1.0,0.4446969168644754,3.5454037838167114,3.990100700681187,0.0038588975731068333
7,d10,1.0,0.6411853212437485,12.122679783494934,12.763865104738683,0.012344161656804907
7,d11,0.712965800260955,0.4343314804627135,4.456197357838399,4.890528838301113,0.004729717689106775
7,d12,1.0,0.1936586649349718,7.43738502684454,7.631043691779512,0.007380118496120394
7,d13,1.0,0.8852114162040516,4.945216494184483,5.830427910388535,0.005638710850012293
7,d14,1.0,0.1744367993785583,2.420175531184872,2.5946123305634305,0.0025092958741254295
7,d15,1.0,0.4069817224912835,3.6130463883324175,4.020028110823701,0.003887840905376269
7,d16,1.0,0.195995144533855,1.4518789562771024,1.6478741008109574,0.0015936884418278991
7,d17,1.0,0.7157943570835169,8.478129795995883,9.1939241530794,0.00889160807284627
7,d18,1.0,0.5876211117391754,3.3628841855593556,3.9505052972985313,0.003820604152092815
7,d19,0.7645924756622676,0.3094112672137011,14.831938673577833,15.141349940791534,0.014643469657321382
7,d20,0.8706040861918494,0.1919625787356293,1.8816284792484872,2.0735910579841166,0.0020054069061226656
7,d21,0.8745034817816524,0.9857688480178474,1.9450349116730905,2.9308037596909378,0.0028344326030651217
7,d22,0.9867821130034348,0.8524396209435144,15.21589939926173,16.068339020205244,0.01553997733399115
7,d23,1.0,0.6658927728842667,7.242461861883454,7.90835463476772,0.0076483108564561805
7,d24,1.0,0.6980691261430666,4.491986587263818,5.190055713406885,0.005019395473737276
7,d25,1.0,0.3295363735742088,0.7509965389033428,1.0805329124775516,0.0010450026569278916
7,d26,0.7917319320962545,0.4258718268257104,15.696477986975053,16.122349813800763,0.015592212136058112
7,d27,0.9515461287328162,0.4554322151331479,1.5076656331320768,1.9630978482652246,0.0018985469517470216
7,d28,0.854777698992784,0.688988609150576,11.061787890260907,11.750776499411483,0.011364385592563746
7,d29,1.0,0.9885882560521442,0.7892789913631992,1.7778672474153434,0.0017194071330545512
7,d30,1.0,0.0234537744007987,9.215878971976027,9.239332746376826,0.008935523533537203
7,d31,1.0,0.7780081544782027,9.019026808174464,9.797034962652667,0.00947488729659605
7,d32,0.9344981479828094,0.4098458376430103,18.216378501718985,18.626224339361997,0.018013753860156138
7,d33,0.7094030343609957,0.9000735037389241,7.028088249298523,7.928161753037447,0.007667466673904156
7,d34,1.0,0.1904041414108747,6.906199988899597,7.096604130310472,0.006863252461543102
7,d35,0.8658120032268631,0.0730273189076899,6.856225231241829,6.929252550149519,0.00670140376272995
7,d36,0.9140482222139992,0.6283400454437265,22.17235712384389,22.800697169287616,0.02205096100875023
7,d37,0.7821213165850166,0.2041415713138661,19.186712642460893,19.39085421377476,0.018753241053096573
7,d38,1.0,0.4468174574773836,18.544405824060135,18.99122328153752,0.018366750848905627
7,d39,1.0,0.1273734868813091,6.86634478634938,6.993718273230689,0.00676374971362388
7,d40,1.0,0.3017682512486745,3.9160130285962484,4.217781279844923,0.0040790915231563914
7,d41,1.0,0.2469737301341866,7.76115057077152,8.008124300905706,0.007744799880521119
7,d42,1.0,0.8495861051218173,0.7435801331224227,1.59316623824424,0.0015407794919228184
7,d43,1.0,0.2179595435495449,14.50771594869711,14.725675492246655,0.014241463482284618
7,d44,1.0,0.6823319381851302,8.541085795360233,9.223417733545364,0.008920131840695766
7,d45,1.0,0.1861247600403534,5.580616627974495,5.766741388014848,0.005577118478023918
7,d46,1.0,0.6538686303833499,10.186518361694919,10.840386992078269,0.01048393165819805
7,d47,1.0,0.1391328076011917,6.925321704985296,7.0644545125864875,0.006832159992676284
7,d48,0.9205459956643096,0.484017762343897,10.36393325665868,10.847951019002576,0.010491246963582734
7,d49,0.9509652227320424,0.8138284459558288,7.644253539061041,8.45808198501687,0.008179961984304844
7,d50,1.0,0.1464049330716936,1.1369438595152153,1.283348792586909,0.0012411495129227574
7,d51,1.0,0.3660915419148296,8.029558993229305,8.395650535144135,0.008119583415323288
7,d52,1.0,0.6024049540095762,0.6310752814845952,1.2334802354941714,0.001192920741677297
7,d53,0.7153435184241378,0.043445465085906,12.614748218790806,12.658193683876712,0.012241964940456021
7,d54,1.0,0.4878484261523147,4.731971102656063,5.219819528808378,0.0050481805906140535
7,d55,1.0,0.2676511989587375,7.704915740399356,7.972566939358093,0.007710411721806542
7,d56,1.0,0.2352217504365444,4.722056086289917,4.957277836726461,0.0047942718363208825
7,d57,1.0,0.5031062205331591,11.630765884993416,12.133872105526574,0.011734884187863117
7,d58,1.0,0.7652957803972872,6.259056666880008,7.024352447277296,0.006793376569873999
7,d59,1.0,0.2785415708873054,0.5866224079102691,0.8651639787975745,0.0008367155188718551
7,d60,0.7530691010978995,0.6341458655587995,23.844549986451742,24.478695852010542,0.023673783471183454
7,d61,0.8068950431605513,0.8878624212898746,27.426640751430195,28.31450317272007,0.027383461163845303
7,d62,1.0,0.4980689154368473,2.1732526085904587,2.671321524027306,0.0025834827036563725
7,d63,1.0,0.5868707054277651,7.2779606373951795,7.864831342822945,0.007606218704338154
7,d64,0.9542080343572108,0.8659825989947968,1.3206916285584827,2.1866742275532793,0.0021147716568757414
7,d65,1.0,0.8262963710263229,14.417961943754525,15.244258314780849,0.014742994181745525
7,d66,1.0,0.7694785527235976,16.26538184719472,17.03486039991832,0.016474717403557295
7,d67,0.8760745289285015,0.9169920807946326,18.272274382745163,19.189266463539795,0.01855828194341371
7,d68,1.0,0.3277302362645178,3.1421254898001907,3.4698557260647087,0.003355759376713489
7,d69,1.0,0.7957833956176842,1.4400728314936413,2.2358562271113254,0.002162336446080857
7,d70,1.0,0.10508190786601,5.011630383182168,5.116712291048178,0.004948463741489254
7,d71,1.0,0.5430077933202487,4.128262754093409,4.671270547413658,0.0045176690843072255
7,d72,1.0,0.4363575029985441,3.468393451954574,3.9047509549531183,0.0037763543113292293
7,d73,0.767467742271406,0.8436386228790356,18.518007930473523,19.361646553352557,0.018724993803622362
7,d74,1.0,0.3615195821952451,8.118797116974841,8.480316699170086,0.008201465573041319
7,d75,1.0,0.365584666592786,12.988884678395054,13.35446934498784,0.012915345554237621
7,d76,1.0,0.1129787309299515,1.3333622370241323,1.4463409679540837,0.0013987821535857905
7,d77,0.9542711304075596,0.2887596219715777,5.127305890683188,5.416065512654766,0.005237973582722626
7,d78,1.0,0.8539911936979437,1.683004850654512,2.5369960443524557,0.0024535741358261923
7,d79,0.9682169375493792,0.6092329103607209,15.38856769553951,15.997800605900231,0.015471758375074663
7,d80,1.0,0.9025653819796856,6.487703697860656,7.390269079840341,0.007147261073369338
7,d81,1.0,0.8673533346226489,1.2854815425280344,2.152834877150683,0.0020820450173897258
7,d82,1.0,0.2413743301854386,3.628014722752359,3.8693890529377977,0.003742155185015433
7,d83,1.0,0.9834214774010058,2.055190248728591,3.038611726129597,0.002938695610758312
7,d84,1.0,0.8926937029287524,9.567848598413306,10.460542301342059,0.010116577081159622
7,d85,1.0,0.4427630638911477,9.963640215932525,10.406403279823673,0.010064218267580803
7,d86,0.8435155109136522,0.4624106724908055,7.840025796754548,8.302436469245354,0.008029434429205012
7,d87,1.0,0.270694995865657,6.506062029009049,6.776757024874707,0.006553922619636954
7,d88,1.0,0.0920662406924429,12.587637037455101,12.679703278147544,0.012262767252817726
7,d89,1.0,0.4545954163571419,20.040182545587886,20.494777961945026,0.019820865404527602
7,d90,1.0,0.2367012264626057,12.72631705096535,12.963018277427954,0.012536766243109197
7,d91,1.0,0.397035394488437,0.6595869025805066,1.0566222970689436,0.0010218782741883742
7,d92,1.0,0.2328557197307569,0.5329288117437324,0.7657845314744893,0.000740603882384515
7,d93,1.0,0.3530180492575545,2.8306088413632136,3.183626890620768,0.0030789423634839095
7,d94,0.8303922567881379,0.0547321770051526,13.415314958790468,13.470047135795621,0.013027122897695908
7,d95,1.0,0.6835341219591398,0.0,0.6835341219591398,0.0006610580439520062
7,d96,1.0,0.7282142121533487,16.16379700774421,16.89201121989756,0.016336565413055327
7,d97,0.7042710944505345,0.6829353338644084,182.35025644385405,183.03319177771846,0.17701466517585768
7,d98,1.0,0.4716822415158711,3.0867999193335987,3.55848216084947,0.0034414715829356626
7,d99,1.0,0.4733438217980411,3.207585816951869,3.68092963874991,0.0035598927233400626
7,d100,1.0,0.5991346407809729,7.756790329589405,8.355924970370378,0.008081164112905787
8,d1,1.0,0.6113047022702557,5.6028389095459055,6.214143611816161,0.006009809150551241
8,d2,1.0,0.4939656381711477,4.4616518448203415,4.955617482991489,0.004792666078602214
8,d3,1.0,0.3244126329386243,3.0537455553664503,3.3781581883050746,0.003267077052014236
8,d4,1.0,0.4488741264327569,11.766089862430208,12.214963988862966,0.011813309594959244
8,d5,1.0,0.3770782987358936,4.669849166625582,5.046927465361476,0.004880973591569949
8,d6,0.9245014614097484,0.9410440826651544,13.499930524318854,14.440974606984009,0.013966124176934798
8,d7,0.8262212851512604,0.7786285541496077,30.95008288098494,31.72871143513455,0.030685402885682875
8,d8,1.0,0.7941431291160147,7.07247479747166,7.866617926587675,0.0076079465413706115
8,d9,1.0,0.4446969168644754,3.5454037838167114,3.990100700681187,0.0038588975731068333
8,d10,1.0,0.6411853212437485,11.172690654191733,11.813875975435481,0.011425410221554124
8,d11,0.812965800260955,0.4343314804627135,5.406186487141601,5.840517967604314,0.005648469124357559
8,d12,1.0,0.1936586649349718,7.43738502684454,7.631043691779512,0.007380118496120394
8,d13,1.0,0.8852114162040516,4.77068525914479,5.655896675348842,0.005469918578877124
8,d14,1.0,0.1744367993785583,2.420175531184872,2.5946123305634305,0.0025092958741254295
8,d15,1.0,0.4069817224912835,3.046613137510983,3.4535948600022666,0.0033400332030421673
8,d16,1.0,0.195995144533855,1.4518789562771024,1.6478741008109574,0.0015936884418278991
8,d17,1.0,0.7157943570835169,8.478129795995883,9.1939241530794,0.00889160807284627
8,d18,1.0,0.5876211117391754,3.3628841855593556,3.9505052972985313,0.003820604152092815
8,d19,0.8645924756622676,0.3094112672137011,14.50978708976898,14.81919835698268,0.014331911113267525
8,d20,0.9706040861918492,0.1919625787356293,1.8816284792484872,2.0735910579841166,0.0020054069061226656
8,d21,0.9745034817816524,0.9857688480178474,1.9450349116730905,2.9308037596909378,0.0028344326030651217
8,d22,1.0,0.8524396209435144,13.716851329601708,14.569290950545222,0.014090221202023356
8,d23,1.0,0.6658927728842667,6.3710534193101775,7.036946192194444,0.006805556205262353
8,d24,1.0,0.6980691261430666,4.438898713884643,5.13696784002771,0.00496805324427692
8,d25,1.0,0.3295363735742088,0.7509965389033428,1.0805329124775516,0.0010450026569278916
8,d26,0.8917319320962545,0.4258718268257104,16.516507338910582,16.94237916573629,0.01638527715206639
8,d27,1.0,0.4554322151331479,0.9108924715628522,1.3663246866960002,0.0013213969804488973
8,d28,0.954777698992784,0.688988609150576,12.092353792807389,12.781342401957964,0.012361064262749775
8,d29,1.0,0.9885882560521442,0.7892789913631992,1.7778672474153434,0.0017194071330545512
8,d30,1.0,0.0234537744007987,8.776873816815662,8.800327591216462,0.008510953815900626
8,d31,1.0,0.7780081544782027,8.914561788490294,9.692569942968497,0.00937385731234904
8,d32,1.0,0.4098458376430103,13.540245622179492,13.950091459822502,0.013491382327703475
8,d33,0.8094030343609957,0.9000735037389241,7.028088249298523,7.928161753037447,0.007667466673904156
8,d34,1.0,0.1904041414108747,6.0914314831595755,6.2818356245704505,0.006075275303746736
8,d35,0.9658120032268632,0.0730273189076899,6.718893873501663,6.791921192409353,0.006568588156596371
8,d36,1.0,0.6283400454437265,21.225446589569547,21.85378663501327,0.021135186937675597
8,d37,0.8821213165850166,0.2041415713138661,20.470186947858448,20.674328519172313,0.01999451195169772
8,d38,1.0,0.4468174574773836,16.364138668106374,16.810956125583758,0.01625817558527928
8,d39,1.0,0.1273734868813091,6.86634478634938,6.993718273230689,0.00676374971362388
8,d40,1.0,0.3017682512486745,3.9160130285962484,4.217781279844923,0.0040790915231563914
8,d41,1.0,0.2469737301341866,6.7963472261847935,7.04332095631898,0.006811721353376309
8,d42,1.0,0.8495861051218173,0.7435801331224227,1.59316623824424,0.0015407794919228184
8,d43,1.0,0.2179595435495449,13.847234300993161,14.065193844542707,0.013602699897452976
8,d44,1.0,0.6823319381851302,8.541085795360233,9.223417733545364,0.008920131840695766
8,d45,1.0,0.1861247600403534,4.824377255777725,5.010502015818079,0.004845745889467508
8,d46,1.0,0.6538686303833499,10.186518361694919,10.840386992078269,0.01048393165819805
8,d47,1.0,0.1391328076011917,6.925321704985296,7.0644545125864875,0.006832159992676284
8,d48,1.0,0.484017762343897,8.756669701576051,9.240687463919947,0.008936833705042023
8,d49,1.0,0.8138284459558288,6.9830771064952275,7.796905552451056,0.007540526460637966
8,d50,1.0,0.1464049330716936,1.1369438595152153,1.283348792586909,0.0012411495129227574
8,d51,1.0,0.3660915419148296,8.029558993229305,8.395650535144135,0.008119583415323288
8,d52,1.0,0.6024049540095762,0.6310752814845952,1.2334802354941714,0.001192920741677297
8,d53,0.8153435184241378,0.043445465085906,12.614748218790806,12.658193683876712,0.012241964940456021
8,d54,1.0,0.4878484261523147,4.0724195546219475,4.560267980774262,0.004410316521766568
8,d55,1.0,0.2676511989587375,7.704915740399356,7.972566939358093,0.007710411721806542
8,d56,1.0,0.2352217504365444,3.7899227213640754,4.02514447180062,0.003892789029355596
8,d57,1.0,0.5031062205331591,11.630765884993416,12.133872105526574,0.011734884187863117
8,d58,1.0,0.7652957803972872,6.259056666880008,7.024352447277296,0.006793376569873999
8,d59,1.0,0.2785415708873054,0.5866224079102691,0.8651639787975745,0.0008367155188718551
8,d60,0.8530691010978995,0.6341458655587995,25.21074198953899,25.84488785509779,0.02499505213094718
8,d61,0.9068950431605513,0.8878624212898746,28.11062221552699,28.998484636816865,0.028044951840359454
8,d62,1.0,0.4980689154368473,2.1732526085904587,2.671321524027306,0.0025834827036563725
8,d63,1.0,0.5868707054277651,6.247394734848698,6.8342654402764635,0.006609540034152125
8,d64,1.0,0.8659825989947968,1.3206916285584827,2.1866742275532793,0.0021147716568757414
8,d65,1.0,0.8262963710263229,13.199843708123783,14.026140079150107,0.013564930304202243
8,d66,1.0,0.7694785527235976,16.26538184719472,17.03486039991832,0.016474717403557295
8,d67,0.9760745289285014,0.9169920807946326,16.308694941930177,17.22568702272481,0.016659269234919952
8,d68,1.0,0.3277302362645178,2.4215979624302344,2.7493281986947524,0.0026589243504070307
8,d69,1.0,0.7957833956176842,0.5575555869323302,1.3533389825500144,0.001308838274297578
8,d70,1.0,0.10508190786601,5.011630383182168,5.116712291048178,0.004948463741489254
8,d71,1.0,0.5430077933202487,4.128262754093409,4.671270547413658,0.0045176690843072255
8,d72,1.0,0.4363575029985441,3.468393451954574,3.9047509549531183,0.0037763543113292293
8,d73,0.867467742271406,0.8436386228790356,18.518007930473523,19.361646553352557,0.018724993803622362
8,d74,1.0,0.3615195821952451,7.473575323365579,7.835094905560824,0.007577460065348404
8,d75,1.0,0.365584666592786,10.571639455452198,10.937224122044984,0.010577584574213778
8,d76,1.0,0.1129787309299515,1.3333622370241323,1.4463409679540837,0.0013987821535857905
8,d77,1.0,0.2887596219715777,5.127305890683188,5.416065512654766,0.005237973582722626
8,d78,1.0,0.8539911936979437,1.683004850654512,2.5369960443524557,0.0024535741358261923
8,d79,1.0,0.6092329103607209,12.723748051620127,13.332980961980848,0.012894563755667596
8,d80,1.0,0.9025653819796856,6.1609776784044055,7.063543060384091,0.006831278510990564
8,d81,1.0,0.8673533346226489,1.2854815425280344,2.152834877150683,0.0020820450173897258
8,d82,1.0,0.2413743301854386,3.628014722752359,3.8693890529377977,0.003742155185015433
8,d83,1.0,0.9834214774010058,2.055190248728591,3.038611726129597,0.002938695610758312
8,d84,1.0,0.8926937029287524,8.942077701313353,9.834771404242106,0.009511382882495001
8,d85,1.0,0.4427630638911477,9.963640215932525,10.406403279823673,0.010064218267580803
8,d86,0.9435155109136522,0.4624106724908055,7.0903783051754,7.552788977666205,0.007304436965996491
8,d87,1.0,0.270694995865657,6.506062029009049,6.776757024874707,0.006553922619636954
8,d88,1.0,0.0920662406924429,12.587637037455101,12.679703278147544,0.012262767252817726
8,d89,1.0,0.4545954163571419,19.79220177009571,20.24679718645285,0.019581038772442716
8,d90,1.0,0.2367012264626057,11.98580279484526,12.222504021307865,0.011820601694854818
8,d91,1.0,0.397035394488437,0.6595869025805066,1.0566222970689436,0.0010218782741883742
8,d92,1.0,0.2328557197307569,0.5329288117437324,0.7657845314744893,0.000740603882384515
8,d93,1.0,0.3530180492575545,2.8306088413632136,3.183626890620768,0.0030789423634839095
8,d94,0.930392256788138,0.0547321770051526,12.698212204044964,12.752944381050117,0.012333600030094288
8,d95,1.0,0.6835341219591398,0.0,0.6835341219591398,0.0006610580439520062
8,d96,1.0,0.7282142121533487,14.476998689816758,15.205212901970107,0.014705232666425724
8,d97,0.8042710944505345,0.6829353338644084,217.0077121383139,217.6906474721783,0.2105325088850595
8,d98,1.0,0.4716822415158711,3.0867999193335987,3.55848216084947,0.0034414715829356626
8,d99,1.0,0.4733438217980411,3.207585816951869,3.68092963874991,0.0035598927233400626
8,d100,1.0,0.5991346407809729,7.3362040379151585,7.935338678696131,0.007674407606748768
9,d1,1.0,0.6113047022702557,5.6028389095459055,6.214143611816161,0.00600980915055124
9,d2,1.0,0.4939656381711477,4.4616518448203415,4.955617482991489,0.004792666078602213
9,d3,1.0,0.3244126329386243,3.0537455553664503,3.3781581883050746,0.0032670770520142355
9,d4,1.0,0.4488741264327569,11.766089862430208,12.214963988862966,0.01181330959495924
9,d5,1.0,0.3770782987358936,4.669849166625582,5.046927465361476,0.004880973591569948
9,d6,1.0,0.9410440826651544,13.036720286561073,13.977764369226227,0.013518145292086954
9,d7,0.9262212851512605,0.7786285541496077,30.95008288098494,31.72871143513455,0.030685402885682868
9,d8,1.0,0.7941431291160147,6.515777271502702,7.309920400618717,0.007069554432231749
9,d9,1.0,0.4446969168644754,2.885393634757275,3.3300905516217503,0.003220589983026078
9,d10,1.0,0.6411853212437485,11.172690654191733,11.813875975435481,0.011425410221554121
9,d11,0.912965800260955,0.4343314804627135,5.406186487141601,5.840517967604314,0.005648469124357557
9,d12,1.0,0.1936586649349718,6.294896728303613,6.488555393238585,0.006275197680014202
9,d13,1.0,0.8852114162040516,3.8243600498260806,4.709571466030132,0.0045547105860095855
9,d14,1.0,0.1744367993785583,2.420175531184872,2.5946123305634305,0.002509295874125429
9,d15,1.0,0.4069817224912835,2.1496776258794297,2.556659348370713,0.00247259086794585
9,d16,1.0,0.195995144533855,1.4518789562771024,1.6478741008109574,0.0015936884418278987
9,d17,1.0,0.7157943570835169,8.404323988690289,9.120118345773806,0.008820229159866922
9,d18,1.0,0.5876211117391754,2.3828461133376218,2.9704672250767974,0.0028727918480567004
9,d19,0.9645924756622676,0.3094112672137011,14.50978708976898,14.81919835698268,0.014331911113267521
9,d20,1.0,0.1919625787356293,1.2205530250271721,1.4125156037628015,0.001366069040414258
9,d21,1.0,0.9857688480178474,1.9450349116730905,2.9308037596909378,0.0028344326030651213
9,d22,1.0,0.8524396209435144,12.663832723337238,13.516272344280752,0.01307182812150371
9,d23,1.0,0.6658927728842667,5.762074946144391,6.427967719028658,0.006216602259370066
9,d24,1.0,0.6980691261430666,4.438898713884643,5.13696784002771,0.004968053244276919
9,d25,1.0,0.3295363735742088,0.7509965389033428,1.0805329124775516,0.0010450026569278914
9,d26,0.9917319320962544,0.4258718268257104,16.19999996963764,16.62587179646335,0.016079177228585945
9,d27,1.0,0.4554322151331479,0.9108924715628522,1.3663246866960002,0.001321396980448897
9,d28,1.0,0.688988609150576,11.292785027955675,11.98177363710625,0.011587787045537796
9,d29,1.0,0.9885882560521442,0.7892789913631992,1.7778672474153434,0.0017194071330545507
9,d30,1.0,0.0234537744007987,8.776873816815662,8.800327591216462,0.008510953815900625
9,d31,1.0,0.7780081544782027,8.914561788490294,9.692569942968497,0.009373857312349038
9,d32,1.0,0.4098458376430103,12.827404462616354,13.237250300259364,0.012801980924831799
9,d33,0.9094030343609956,0.9000735037389241,7.028088249298523,7.928161753037447,0.007667466673904154
9,d34,1.0,0.1904041414108747,5.304801894381761,5.495206035792636,0.005314511794557477
9,d35,1.0,0.0730273189076899,6.578904692966154,6.6519320118738445,0.006433202122620468
9,d36,1.0,0.6283400454437265,20.868808376088975,21.4971484215327,0.02079027575880675
9,d37,0.9821213165850166,0.2041415713138661,19.96183805252974,20.165979623843604,0.01950287866581583
9,d38,1.0,0.4468174574773836,16.050242695154527,16.49706015263191,0.015954601189769633
9,d39,1.0,0.1273734868813091,6.86634478634938,6.993718273230689,0.006763749713623878
9,d40,1.0,0.3017682512486745,3.9160130285962484,4.217781279844923,0.004079091523156391
9,d41,1.0,0.2469737301341866,6.7963472261847935,7.04332095631898,0.006811721353376308
9,d42,1.0,0.8495861051218173,0.7435801331224227,1.59316623824424,0.0015407794919228182
9,d43,1.0,0.2179595435495449,12.738236011029608,12.956195554579153,0.012530167866121183
9,d44,1.0,0.6823319381851302,8.541085795360233,9.223417733545364,0.008920131840695763
9,d45,1.0,0.1861247600403534,4.824377255777725,5.010502015818079,0.004845745889467506
9,d46,1.0,0.6538686303833499,10.186518361694919,10.840386992078269,0.010483931658198048
9,d47,1.0,0.1391328076011917,6.925321704985296,7.0644545125864875,0.006832159992676283
9,d48,1.0,0.484017762343897,8.06278677831859,8.546804540662485,0.008265767150726393
9,d49,1.0,0.8138284459558288,5.648355165093759,6.462183611049587,0.006249693058972871
9,d50,1.0,0.1464049330716936,1.1369438595152153,1.283348792586909,0.001241149512922757
9,d51,1.0,0.3660915419148296,7.375374182514312,7.741465724429141,0.007486909613882516
9,d52,1.0,0.6024049540095762,0.6310752814845952,1.2334802354941714,0.0011929207416772967
9,d53,0.9153435184241376,0.043445465085906,13.352435775937778,13.395881241023684,0.01295539573770371
9,d54,1.0,0.4878484261523147,4.0724195546219475,4.560267980774262,0.0044103165217665675
9,d55,1.0,0.2676511989587375,7.704915740399356,7.972566939358093,0.007710411721806541
9,d56,1.0,0.2352217504365444,3.7899227213640754,4.02514447180062,0.003892789029355595
9,d57,1.0,0.5031062205331591,11.630765884993416,12.133872105526574,0.011734884187863113
9,d58,1.0,0.7652957803972872,4.895163901920026,5.660459682317313,0.005474331544322756
9,d59,1.0,0.2785415708873054,0.3289365765246573,0.6074781474119627,0.0005875029540891683
9,d60,0.9530691010978994,0.6341458655587995,24.244419077249834,24.878564942808634,0.024060504002767467
9,d61,1.0,0.8878624212898746,25.742609728451132,26.630472149741006,0.02575480471753027
9,d62,1.0,0.4980689154368473,2.1732526085904587,2.671321524027306,0.0025834827036563717
9,d63,1.0,0.5868707054277651,6.247394734848698,6.8342654402764635,0.0066095400341521235
9,d64,1.0,0.8659825989947968,1.3206916285584827,2.1866742275532793,0.0021147716568757405
9,d65,1.0,0.8262963710263229,13.199843708123783,14.026140079150107,0.013564930304202241
9,d66,1.0,0.7694785527235976,15.568602472851197,16.338081025574795,0.015800849639722135
9,d67,1.0,0.9169920807946326,16.107891548911695,17.024883629706327,0.01646506869109449
9,d68,1.0,0.3277302362645178,2.4215979624302344,2.7493281986947524,0.00265892435040703
9,d69,1.0,0.7957833956176842,0.5575555869323302,1.3533389825500144,0.0013088382742975778
9,d70,1.0,0.10508190786601,4.94549815101599,5.050580058882,0.004884506079927821
9,d71,1.0,0.5430077933202487,3.0606876676729717,3.6036954609932206,0.0034851981721335445
9,d72,1.0,0.4363575029985441,3.468393451954574,3.9047509549531183,0.0037763543113292285
9,d73,0.967467742271406,0.8436386228790356,18.518007930473523,19.361646553352557,0.01872499380362236
9,d74,1.0,0.3615195821952451,6.564972195112951,6.926491777308196,0.006698733770061477
9,d75,1.0,0.365584666592786,10.571639455452198,10.937224122044984,0.010577584574213775
9,d76,1.0,0.1129787309299515,1.3333622370241323,1.4463409679540837,0.0013987821535857902
9,d77,1.0,0.2887596219715777,4.368909703156251,4.657669325127829,0.004504515099581698
9,d78,1.0,0.8539911936979437,1.683004850654512,2.5369960443524557,0.002453574135826192
9,d79,1.0,0.6092329103607209,12.210457500146306,12.819690410507027,0.012398151305966049
9,d80,1.0,0.9025653819796856,5.8771440149218765,6.779709396901562,0.006556777911295982
9,d81,1.0,0.8673533346226489,1.2854815425280344,2.152834877150683,0.0020820450173897253
9,d82,1.0,0.2413743301854386,3.628014722752359,3.8693890529377977,0.0037421551850154323
9,d83,1.0,0.9834214774010058,2.055190248728591,3.038611726129597,0.002938695610758311
9,d84,1.0,0.8926937029287524,8.270522376332561,9.163216079261314,0.00886190974680874
9,d85,1.0,0.4427630638911477,9.963640215932525,10.406403279823673,0.010064218267580801
9,d86,1.0,0.4624106724908055,6.5989571581554705,7.061367830646276,0.006829174807503888
9,d87,1.0,0.270694995865657,6.506062029009049,6.776757024874707,0.006553922619636953
9,d88,1.0,0.0920662406924429,12.587637037455101,12.679703278147544,0.012262767252817722
9,d89,1.0,0.4545954163571419,19.79220177009571,20.24679718645285,0.01958103877244271
9,d90,1.0,0.2367012264626057,11.98580279484526,12.222504021307865,0.011820601694854814
9,d91,1.0,0.397035394488437,0.6595869025805066,1.0566222970689436,0.001021878274188374
9,d92,1.0,0.2328557197307569,0.5329288117437324,0.7657845314744893,0.0007406038823845148
9,d93,1.0,0.3530180492575545,2.8306088413632136,3.183626890620768,0.0030789423634839086
9,d94,1.0,0.0547321770051526,12.600731519094376,12.65546369609953,0.012239324720572299
9,d95,1.0,0.6835341219591398,0.0,0.6835341219591398,0.0006610580439520061
9,d96,1.0,0.7282142121533487,13.72502738888574,14.453241601039089,0.013977987805735037
9,d97,0.9042710944505344,0.6829353338644084,244.443330860278,245.1262661941424,0.23706598521682154
9,d98,1.0,0.4716822415158711,2.146040166056094,2.617722407571965,0.002531646041896213
9,d99,1.0,0.4733438217980411,3.207585816951869,3.68092963874991,0.0035598927233400617
9,d100,1.0,0.5991346407809729,7.3362040379151585,7.935338678696131,0.007674407606748766
