epoch,drep_id,opinion,stake,delegated_stake,Wprime
0,d1,0.3862165995835288,0.4884693494414028,6.123221980782219,6.611691330223622
0,d2,0.450241291355605,0.3770782987358936,5.421527832949986,5.7986061316858795
0,d3,0.6522591650467103,0.6274282350072956,9.373290158411859,10.000718393419154
0,d4,0.6443367495184003,0.6411853212437485,7.082300578546225,7.723485899789973
0,d5,0.1615535697275935,0.5444230936121223,2.763253669285971,3.307676762898093
0,d6,0.3904884089184546,0.195995144533855,1.0591900743973268,1.2551852189311818
0,d7,0.4256883903597749,0.0645924756622676,9.277160153594288,9.341752629256556
0,d8,0.5596628379581408,0.9857688480178474,1.846628086138904,2.832396934156751
0,d9,0.3807477577498914,0.4645978847235158,5.338972455778012,5.803570340501528
0,d10,0.6422725194213029,0.4258718268257104,6.750950964514473,7.176822791340183
0,d11,0.5571269770041206,0.8816447243746165,10.685074333793903,11.56671905816852
0,d12,0.131995409903569,0.4098458376430103,2.514256461556204,2.9241022991992143
0,d13,0.1437821171245273,0.1658120032268633,3.1059286640857415,3.2717406673126046
0,d14,0.2388650567882838,0.2041415713138661,0.28416378846774093,0.48830535978160705
0,d15,0.3702025489713947,0.5357815987985837,0.5092948208717079,1.0450764196702915
0,d16,0.7571795782483717,0.6823319381851302,18.04488996590723,18.72722190409236
0,d17,0.3566808863944987,0.2205459956643096,3.4501557026938583,3.670701698358168
0,d18,0.358541673495542,0.1464049330716936,15.612946003885305,15.759350936956999
0,d19,0.3777742963178163,0.0153435184241378,6.124148174138189,6.139491692562327
0,d20,0.2404475632918323,0.2676511989587375,42.34838807373218,42.61603927269092
0,d21,0.8367244379858754,0.1068950431605513,15.31725740982739,15.42415245298794
0,d22,0.4661514327285211,0.8659825989947968,3.72316804594361,4.589150644938407
0,d23,0.48181702785236,0.1760745289285016,3.484767284688271,3.6608418136167726
0,d24,0.3131050727943643,0.10508190786601,50.1043462161131,50.20942812397911
0,d25,0.8574098737683421,0.496608869306429,17.58839849582336,18.085007365129787
0,d26,0.4983399053567895,0.1129787309299515,16.75693721491432,16.869915945844273
0,d27,0.3864079686083435,0.2682169375493792,1.7186205939653263,1.9868375315147055
0,d28,0.3377087472127748,0.8673533346226489,3.9424773471986936,4.809830681821342
0,d29,0.4524106594962402,0.6112706779071959,11.523973618440756,12.135244296347953
0,d30,0.7084058191016271,0.4624106724908055,15.611811029251623,16.074221701742427
0,d31,0.3386898460073282,0.5305900956354336,1.8526696346096756,2.383259730245109
0,d32,0.4448108382164217,0.0547321770051526,16.241858445493353,16.296590622498506
0,d33,0.5713696095645261,0.0042710944505345,21.07615587941467,21.080426973865205
0,d34,0.5824571201440985,0.4733438217980411,10.751798328590711,11.225142150388752
0,d35,0.445080705866929,0.6858598972114482,6.139436297844362,6.82529619505581
0,d36,0.6428491055401374,0.8705521518953744,0.12382857187750262,0.994380723772877
0,d37,0.6331550625258634,0.0612264541271615,8.914874557872722,8.976101011999884
0,d38,0.5230232154695205,0.5123888115174334,3.716234000718143,4.228622812235576
0,d39,0.5235568747153306,0.4422080628277681,5.986710117356811,6.428918180184579
0,d40,0.4321020780252951,0.0381180467534172,14.376053830041831,14.41417187679525
0,d41,0.7254648811932107,0.7330780276295283,7.896024149077267,8.629102176706795
0,d42,0.5826727116129281,0.6600732244837185,3.1252221325569782,3.7852953570406966
0,d43,0.4650252718472646,0.2647829831443443,7.550716128721326,7.81549911186567
0,d44,0.4704128653723852,0.5395451245308905,24.353315604120407,24.892860728651296
0,d45,0.5448537391180057,0.4073335225250493,13.55190216530774,13.959235687832788
0,d46,0.5858703603877821,0.7371358537080552,15.41854465866495,16.155680512373007
0,d47,0.3700767767766291,0.8204349903201831,6.534806868495029,7.355241858815212
0,d48,0.3236170265966182,0.6744959024664872,7.665487691950556,8.339983594417044
0,d49,0.5976422484945852,0.6723761257003955,5.045815915439052,5.718192041139448
0,d50,0.4820577570959681,0.3110659971888709,4.292269342927059,4.6033353401159305
0,d51,0.6693372718446366,0.5627641174589416,18.806131565144927,19.368895682603867
0,d52,0.7202386412025077,0.9527484508240278,1.9806467173329458,2.9333951681569737
0,d53,0.3911459936597999,0.0738058073055961,3.5901392052473713,3.6639450125529676
0,d54,0.4584662854409748,0.6617411490783438,11.898334690127028,12.560075839205371
0,d55,0.4812949268182745,0.2173968415080795,6.594987194590287,6.812384036098366
0,d56,0.4179196404382824,0.0271671424002741,10.247656956637625,10.274824099037899
0,d57,0.520578829864801,0.5523670065202334,5.2849669594961775,5.837333966016411
0,d58,0.3940609767149655,0.2088661051907878,14.46680161319068,14.675667718381469
0,d59,0.517835093703932,0.0304324713071912,7.384122397888686,7.414554869195877
0,d60,0.6603820460614556,0.2441125077921133,11.408062159628711,11.652174667420825
0,d61,0.1190906956649291,0.3396223303720793,4.7855796345208725,5.125201964892952
0,d62,0.3391033765864686,0.5819727585806332,15.943281447687912,16.525254206268546
0,d63,0.5937506519144466,0.0697869101720041,6.3581067731635335,6.427893683335538
0,d64,0.5114045779888319,0.061134838390738,15.235058019523583,15.29619285791432
0,d65,0.6926779692927613,0.2192367022419535,18.62783367688174,18.847070379123693
0,d66,0.838258619948461,0.416651003991029,2.2689706233173474,2.6856216273083766
0,d67,0.2372001047028663,0.1095342378602383,5.5762886355874945,5.685822873447733
0,d68,0.7223472710659771,0.2358367391446861,2.811735670072498,3.0475724092171843
0,d69,0.412022265296254,0.8057497763096095,6.57340244641088,7.379152222720489
0,d70,0.5976915716671948,0.6615382478708512,5.081006053869371,5.742544301740222
0,d71,0.7753935254554237,0.9532450602827024,11.601453429220983,12.554698489503686
0,d72,0.7200515848641112,0.8135466378420463,5.456145995415361,6.269692633257407
0,d73,0.6323702357024397,0.2465758596168992,24.03037978710881,24.27695564672571
0,d74,0.3245366202722103,0.0249182791854667,2.9109872097513363,2.935905488936803
0,d75,0.7913326451339235,0.4539938264734323,20.169980994650786,20.623974821124218
0,d76,0.1668220687961897,0.9139428164460672,7.871397898420344,8.785340714866411
0,d77,0.3153561304077068,0.8192447071784767,6.2306019623095565,7.0498466694880335
0,d78,0.7405289001624982,0.6417288777484423,16.273972535550097,16.91570141329854
0,d79,0.4078642791252231,0.392942761722586,20.052859110784325,20.445801872506912
0,d80,0.3146924859763326,0.1696376294380355,3.365234603617024,3.5348722330550593
0,d81,0.5421396112737187,0.4836058296608834,14.089229958720852,14.572835788381735
0,d82,0.3308780300888796,0.7315047052996154,6.318480643841281,7.049985349140896
0,d83,0.5044762847321907,0.6798597864912188,9.845795300570614,10.525655087061834
0,d84,0.4240016491622051,0.7456837793544112,8.333365024699269,9.07904880405368
0,d85,0.5635876237186975,0.4421231259529313,11.639752556845439,12.08187568279837
0,d86,0.3533789480454132,0.1204309134488827,18.382852315439663,18.503283228888545
0,d87,0.4141901250717854,0.0205203984577977,6.211034404044475,6.231554802502273
0,d88,0.6115059790073664,0.3468249568782421,22.959973710951555,23.306798667829796
0,d89,0.4896240178334312,0.6122854110355505,15.750925024028582,16.363210435064133
0,d90,0.5941395502240032,0.3730251727692044,2.5706627186786166,2.943687891447821
0,d91,0.3293986104535455,0.6386125882064059,4.200184953508745,4.8387975417151505
0,d92,0.1977297954318764,0.4473469334645794,12.064196300888508,12.511543234353088
0,d93,0.6550234155260443,0.3575923809381158,5.005714459942524,5.36330684088064
0,d94,0.6073501272161405,0.1354534932662909,8.822070473603995,8.957523966870285
0,d95,0.601513468777383,0.6209945983805449,6.633367600433749,7.2543621988142934
0,d96,0.371315160117374,0.1863589762176125,6.111262394630956,6.297621370848569
0,d97,0.528859155067582,0.7641297145552959,19.8733765138219,20.637506228377195
0,d98,0.6867323808101021,0.9463252093187112,15.817784438131692,16.764109647450404
0,d99,0.5502661734258218,0.0438536644798878,13.48624743165391,13.530101096133798
0,d100,0.2278883004385705,0.9513057831481097,10.163136369028473,11.114442152176583
1,d1,0.4862165995835288,0.4884693494414028,5.4787071658721525,5.967176515313556
1,d2,0.5502412913556051,0.3770782987358936,6.411296511670553,6.788374810406447
1,d3,0.7522591650467103,0.6274282350072956,9.008013913893478,9.635442148900774
1,d4,0.7443367495184002,0.6411853212437485,7.004175798534146,7.645361119777895
1,d5,0.2615535697275934,0.5444230936121223,3.0520706729787306,3.5964937665908527
1,d6,0.4904884089184546,0.195995144533855,1.499762923062516,1.695758067596371
1,d7,0.5256883903597749,0.0645924756622676,9.661572348496192,9.72616482415846
1,d8,0.6596628379581407,0.9857688480178474,2.5579054575698836,3.543674305587731
1,d9,0.4807477577498914,0.4645978847235158,5.8055381173780525,6.270136002101569
1,d10,0.7422725194213029,0.4258718268257104,6.750950964514473,7.176822791340183
1,d11,0.6571269770041206,0.8816447243746165,10.99869204171191,11.880336766086527
1,d12,0.231995409903569,0.4098458376430103,3.2720892452287287,3.681935082871739
1,d13,0.2437821171245273,0.1658120032268633,3.1059286640857415,3.2717406673126046
1,d14,0.3388650567882838,0.2041415713138661,0.5227412171248282,0.7268827884386944
1,d15,0.4702025489713948,0.5357815987985837,0.5092948208717079,1.0450764196702915
1,d16,0.8571795782483717,0.6823319381851302,16.535196219420193,17.217528157605322
1,d17,0.4566808863944986,0.2205459956643096,3.4507395170176185,3.671285512681928
1,d18,0.4585416734955421,0.1464049330716936,15.612946003885305,15.759350936956999
1,d19,0.4777742963178163,0.0153435184241378,7.663480845094504,7.6788243635186415
1,d20,0.3404475632918323,0.2676511989587375,42.97609576432879,43.24374696328753
1,d21,0.9367244379858752,0.1068950431605513,14.435806603147354,14.542701646307904
1,d22,0.5661514327285212,0.8659825989947968,3.72316804594361,4.589150644938407
1,d23,0.58181702785236,0.1760745289285016,3.484767284688271,3.6608418136167726
1,d24,0.4131050727943643,0.10508190786601,47.76243204587468,47.86751395374069
1,d25,0.957409873768342,0.496608869306429,17.58839849582336,18.085007365129787
1,d26,0.5983399053567895,0.1129787309299515,17.754045172099826,17.86702390302978
1,d27,0.4864079686083435,0.2682169375493792,1.7186205939653263,1.9868375315147055
1,d28,0.4377087472127748,0.8673533346226489,3.9424773471986936,4.809830681821342
1,d29,0.5524106594962402,0.6112706779071959,10.033161502990108,10.644432180897304
1,d30,0.8084058191016271,0.4624106724908055,15.573936476026063,16.036347148516867
1,d31,0.4386898460073282,0.5305900956354336,1.6140922059525882,2.1446823015880216
1,d32,0.5448108382164217,0.0547321770051526,15.360102288296343,15.414834465301496
1,d33,0.6713696095645261,0.0042710944505345,21.07615587941467,21.080426973865205
1,d34,0.6824571201440984,0.4733438217980411,10.751798328590711,11.225142150388752
1,d35,0.545080705866929,0.6858598972114482,6.037154367401698,6.723014264613146
1,d36,0.7428491055401374,0.8705521518953744,0.12382857187750262,0.994380723772877
1,d37,0.7331550625258634,0.0612264541271615,8.12373082036994,8.184957274497101
1,d38,0.6230232154695204,0.5123888115174334,3.716234000718143,4.228622812235576
1,d39,0.6235568747153306,0.4422080628277681,5.198579205879668,5.640787268707435
1,d40,0.5321020780252952,0.0381180467534172,15.758975605652164,15.797093652405582
1,d41,0.8254648811932107,0.7330780276295283,7.896024149077267,8.629102176706795
1,d42,0.6826727116129281,0.6600732244837185,3.1252221325569782,3.7852953570406966
1,d43,0.5650252718472646,0.2647829831443443,7.550716128721326,7.81549911186567
1,d44,0.5704128653723852,0.5395451245308905,21.626358485679958,22.165903610210847
1,d45,0.6448537391180057,0.4073335225250493,13.630026945319818,14.037360467844866
1,d46,0.685870360387782,0.7371358537080552,14.900897106345848,15.638032960053904
1,d47,0.4700767767766292,0.8204349903201831,6.479171256833516,7.299606247153699
1,d48,0.4236170265966182,0.6744959024664872,7.883484780365611,8.557980682832099
1,d49,0.6976422484945852,0.6723761257003955,4.357491371123672,5.0298674968240675
1,d50,0.5820577570959681,0.3110659971888709,4.76988122331208,5.080947220500951
1,d51,0.7693372718446366,0.5627641174589416,18.92263313559742,19.48539725305636
1,d52,0.8202386412025077,0.9527484508240278,1.9806467173329458,2.9333951681569737
1,d53,0.4911459936597999,0.0738058073055961,3.5901392052473713,3.6639450125529676
1,d54,0.5584662854409748,0.6617411490783438,11.644241930219845,12.305983079298189
1,d55,0.5812949268182745,0.2173968415080795,5.2447634215602985,5.462160263068378
1,d56,0.5179196404382824,0.0271671424002741,9.469248275910475,9.496415418310749
1,d57,0.620578829864801,0.5523670065202334,5.2849669594961775,5.837333966016411
1,d58,0.4940609767149655,0.2088661051907878,13.8579739000442,14.066840005234988
1,d59,0.617835093703932,0.0304324713071912,8.132702205737006,8.163134677044198
1,d60,0.7603820460614555,0.2441125077921133,9.875584360261561,10.119696868053675
1,d61,0.2190906956649291,0.3396223303720793,6.7066755619219105,7.04629789229399
1,d62,0.4391033765864687,0.5819727585806332,16.811856908604724,17.393829667185358
1,d63,0.6937506519144466,0.0697869101720041,6.3581067731635335,6.427893683335538
1,d64,0.6114045779888319,0.061134838390738,15.279623533854211,15.340758372244949
1,d65,0.7926779692927612,0.2192367022419535,19.90482544829158,20.124062150533533
1,d66,0.9382586199484608,0.416651003991029,2.2689706233173474,2.6856216273083766
1,d67,0.3372001047028663,0.1095342378602383,5.159246459691345,5.268780697551583
1,d68,0.822347271065977,0.2358367391446861,2.0377656460811853,2.2736023852258715
1,d69,0.512022265296254,0.8057497763096095,6.009722511760142,6.815472288069751
1,d70,0.6976915716671948,0.6615382478708512,5.081006053869371,5.742544301740222
1,d71,0.8753935254554237,0.9532450602827024,11.484951858768492,12.438196919051194
1,d72,0.8200515848641112,0.8135466378420463,5.382114879003461,6.195661516845507
1,d73,0.7323702357024396,0.2465758596168992,23.81745034378817,24.06402620340507
1,d74,0.4245366202722103,0.0249182791854667,2.9109872097513363,2.935905488936803
1,d75,0.8913326451339235,0.4539938264734323,18.89298922324094,19.34698304971437
1,d76,0.2668220687961897,0.9139428164460672,7.816956794023161,8.730899610469228
1,d77,0.4153561304077068,0.8192447071784767,5.126473836893122,5.945718544071599
1,d78,0.8405289001624981,0.6417288777484423,16.273972535550097,16.91570141329854
1,d79,0.5078642791252231,0.392942761722586,20.559332329066525,20.95227509078911
1,d80,0.4146924859763325,0.1696376294380355,4.246432564593133,4.416070194031168
1,d81,0.6421396112737187,0.4836058296608834,13.4974519206133,13.981057750274182
1,d82,0.4308780300888796,0.7315047052996154,6.04356486001426,6.775069565313875
1,d83,0.6044762847321907,0.6798597864912188,10.036966632048195,10.716826418539414
1,d84,0.5240016491622052,0.7456837793544112,8.333365024699269,9.07904880405368
1,d85,0.6635876237186975,0.4421231259529313,12.698119030153368,13.1402421561063
1,d86,0.4533789480454132,0.1204309134488827,19.687804379030283,19.808235292479164
1,d87,0.5141901250717854,0.0205203984577977,5.329836443068365,5.350356841526163
1,d88,0.7115059790073663,0.3468249568782421,22.893260038032423,23.240084994910664
1,d89,0.5896240178334312,0.6122854110355505,15.725105054611486,16.337390465647037
1,d90,0.6941395502240032,0.3730251727692044,2.5706627186786166,2.943687891447821
1,d91,0.4293986104535455,0.6386125882064059,4.6039036700839855,5.242516258290391
1,d92,0.2977297954318764,0.4473469334645794,14.8331922497824,15.28053918324698
1,d93,0.7550234155260442,0.3575923809381158,5.426852027192994,5.78444440813111
1,d94,0.7073501272161404,0.1354534932662909,8.079860409513584,8.215313902779874
1,d95,0.701513468777383,0.6209945983805449,6.362458740789188,6.983453339169733
1,d96,0.471315160117374,0.1863589762176125,8.027921732622094,8.214280708839706
1,d97,0.6288591550675819,0.7641297145552959,20.860275981133857,21.624405695689152
1,d98,0.7867323808101021,0.9463252093187112,15.443067230817686,16.389392440136398
1,d99,0.6502661734258218,0.0438536644798878,12.771379046907917,12.815232711387806
1,d100,0.3278883004385705,0.9513057831481097,12.035417050970404,12.986722834118513
2,d1,0.5862165995835288,0.4884693494414028,5.4787071658721525,5.967176515313556
2,d2,0.650241291355605,0.3770782987358936,6.411296511670553,6.788374810406447
2,d3,0.8522591650467103,0.6274282350072956,8.630992553414863,9.258420788422159
2,d4,0.8443367495184002,0.6411853212437485,7.0704689811493,7.711654302393048
2,d5,0.3615535697275934,0.5444230936121223,6.31733301009166,6.861756103703782
2,d6,0.5904884089184546,0.195995144533855,1.499762923062516,1.695758067596371
2,d7,0.6256883903597749,0.0645924756622676,9.229024688636805,9.293617164299073
2,d8,0.7596628379581407,0.9857688480178474,3.8226299205883185,4.808398768606166
2,d9,0.5807477577498914,0.4645978847235158,5.8055381173780525,6.270136002101569
2,d10,0.8422725194213029,0.4258718268257104,6.750950964514473,7.176822791340183
2,d11,0.7571269770041206,0.8816447243746165,11.806846552942082,12.688491277316698
2,d12,0.331995409903569,0.4098458376430103,5.679073906388295,6.088919744031305
2,d13,0.3437821171245273,0.1658120032268633,5.855097186294018,6.020909189520881
2,d14,0.4388650567882838,0.2041415713138661,0.5227412171248282,0.7268827884386944
2,d15,0.5702025489713948,0.5357815987985837,0.5092948208717079,1.0450764196702915
2,d16,0.9571795782483716,0.6823319381851302,10.033320471441792,10.715652409626923
2,d17,0.5566808863944986,0.2205459956643096,3.4102077169680514,3.630753712632361
2,d18,0.5585416734955421,0.1464049330716936,15.322303417105868,15.468708350177561
2,d19,0.5777742963178163,0.0153435184241378,7.556554175198074,7.571897693622212
2,d20,0.4404475632918323,0.2676511989587375,48.576626849871445,48.84427804883018
2,d21,1.0,0.1068950431605513,11.21500558090303,11.32190062406358
2,d22,0.6661514327285212,0.8659825989947968,3.115067990728761,3.9810505897235577
2,d23,0.68181702785236,0.1760745289285016,2.8216612685407094,2.997735797469211
2,d24,0.5131050727943643,0.10508190786601,48.80076460647551,48.90584651434152
2,d25,1.0,0.496608869306429,16.592037387644265,17.088646256950693
2,d26,0.6983399053567895,0.1129787309299515,18.132493115875054,18.245471846805007
2,d27,0.5864079686083435,0.2682169375493792,1.9812774029172209,2.2494943404666
2,d28,0.5377087472127748,0.8673533346226489,4.064038478324901,4.93139181294755
2,d29,0.6524106594962402,0.6112706779071959,9.00828458151711,9.619555259424306
2,d30,0.9084058191016272,0.4624106724908055,15.573936476026063,16.036347148516867
2,d31,0.5386898460073282,0.5305900956354336,1.6248360027075863,2.15542609834302
2,d32,0.6448108382164217,0.0547321770051526,14.503631419643966,14.55836359664912
2,d33,0.771369609564526,0.0042710944505345,21.235102643157926,21.23937373760846
2,d34,0.7824571201440984,0.4733438217980411,10.219226808448978,10.692570630247019
2,d35,0.645080705866929,0.6858598972114482,6.090590559454573,6.776450456666021
2,d36,0.8428491055401374,0.8705521518953744,0.12382857187750262,0.994380723772877
2,d37,0.8331550625258634,0.0612264541271615,8.380693390474176,8.441919844601339
2,d38,0.7230232154695204,0.5123888115174334,4.171980838821745,4.684369650339178
2,d39,0.7235568747153306,0.4422080628277681,4.410314817047916,4.852522879875684
2,d40,0.6321020780252952,0.0381180467534172,16.105480792988594,16.143598839742012
2,d41,0.9254648811932108,0.7330780276295283,7.896024149077267,8.629102176706795
2,d42,0.7826727116129281,0.6600732244837185,3.1252221325569782,3.7852953570406966
2,d43,0.6650252718472646,0.2647829831443443,6.737854297190108,7.002637280334452
2,d44,0.6704128653723852,0.5395451245308905,22.202875210600467,22.742420335131357
2,d45,0.7448537391180057,0.4073335225250493,11.343829185757105,11.751162708282154
2,d46,0.785870360387782,0.7371358537080552,14.900897106345848,15.638032960053904
2,d47,0.5700767767766292,0.8204349903201831,5.660255748201258,6.4806907385214405
2,d48,0.5236170265966182,0.6744959024664872,8.900217610846505,9.574713513312993
2,d49,0.7976422484945852,0.6723761257003955,4.357491371123672,5.0298674968240675
2,d50,0.682057757095968,0.3110659971888709,4.8722956888257976,5.183361686014669
2,d51,0.8693372718446366,0.5627641174589416,17.023040025118043,17.585804142576983
2,d52,0.9202386412025076,0.9527484508240278,1.0815308647867743,2.034279315610802
2,d53,0.5911459936597999,0.0738058073055961,3.626127598533362,3.699933405838958
2,d54,0.6584662854409747,0.6617411490783438,10.797491376007473,11.459232525085817
2,d55,0.6812949268182745,0.2173968415080795,5.754062110348405,5.9714589518564845
2,d56,0.6179196404382824,0.0271671424002741,8.615652603667467,8.64281974606774
2,d57,0.7205788298648009,0.5523670065202334,5.485573167449167,6.0379401739694005
2,d58,0.5940609767149655,0.2088661051907878,14.441596552492596,14.650462657683384
2,d59,0.717835093703932,0.0304324713071912,8.316328598398616,8.346761069705808
2,d60,0.8603820460614555,0.2441125077921133,10.106826735555797,10.350939243347911
2,d61,0.3190906956649291,0.3396223303720793,18.473872530105368,18.813494860477448
2,d62,0.5391033765864687,0.5819727585806332,17.912909001057457,18.49488175963809
2,d63,0.7937506519144466,0.0697869101720041,6.980859784047357,7.0506466942193615
2,d64,0.7114045779888318,0.061134838390738,13.179566002663448,13.240700841054185
2,d65,0.8926779692927612,0.2192367022419535,16.137357766384504,16.356594468626458
2,d66,1.0,0.416651003991029,2.2689706233173474,2.6856216273083766
2,d67,0.4372001047028663,0.1095342378602383,6.258577670202265,6.368111908062503
2,d68,0.922347271065977,0.2358367391446861,2.0377656460811853,2.2736023852258715
2,d69,0.612022265296254,0.8057497763096095,5.604350418172913,6.410100194482522
2,d70,0.7976915716671947,0.6615382478708512,4.951616703848774,5.6131549517196255
2,d71,0.9753935254554236,0.9532450602827024,9.428534816015155,10.381779876297857
2,d72,0.9200515848641112,0.8135466378420463,4.061574111868226,4.875120749710272
2,d73,0.8323702357024396,0.2465758596168992,22.032009140814182,22.278585000431082
2,d74,0.5245366202722103,0.0249182791854667,3.699251598583088,3.7241698777685546
2,d75,0.9913326451339236,0.4539938264734323,17.035703294388238,17.48969712086167
2,d76,0.3668220687961897,0.9139428164460672,9.736974812638165,10.650917629084232
2,d77,0.5153561304077068,0.8192447071784767,4.127370459429738,4.946615166608215
2,d78,0.940528900162498,0.6417288777484423,16.273972535550097,16.91570141329854
2,d79,0.6078642791252231,0.392942761722586,22.809045185092952,23.20198794681554
2,d80,0.5146924859763325,0.1696376294380355,6.104176964236016,6.273814593674052
2,d81,0.7421396112737186,0.4836058296608834,12.702327152432279,13.185932982093162
2,d82,0.5308780300888796,0.7315047052996154,6.744518109607606,7.476022814907221
2,d83,0.7044762847321907,0.6798597864912188,7.181430937380185,7.861290723871403
2,d84,0.6240016491622051,0.7456837793544112,7.277703873418647,8.023387652773058
2,d85,0.7635876237186975,0.4421231259529313,12.92271904510261,13.364842171055543
2,d86,0.5533789480454132,0.1204309134488827,20.616173364287285,20.736604277736166
2,d87,0.6141901250717854,0.0205203984577977,4.371196753962071,4.391717152419869
2,d88,0.8115059790073663,0.3468249568782421,23.59048670227917,23.93731165915741
2,d89,0.6896240178334312,0.6122854110355505,15.990287232268575,16.602572643304125
2,d90,0.7941395502240032,0.3730251727692044,2.5706627186786166,2.943687891447821
2,d91,0.5293986104535455,0.6386125882064059,4.469720545227079,5.108333133433485
2,d92,0.3977297954318763,0.4473469334645794,17.839525555819165,18.286872489283745
2,d93,0.8550234155260442,0.3575923809381158,5.426852027192994,5.78444440813111
2,d94,0.8073501272161404,0.1354534932662909,6.791143951558503,6.926597444824794
2,d95,0.8015134687773829,0.6209945983805449,4.058580491275326,4.679575089655871
2,d96,0.571315160117374,0.1863589762176125,8.721882932645109,8.90824190886272
2,d97,0.7288591550675819,0.7641297145552959,17.881185956455607,18.645315671010902
2,d98,0.8867323808101021,0.9463252093187112,13.355721067658516,14.302046276977228
2,d99,0.7502661734258218,0.0438536644798878,12.217451094131306,12.261304758611194
2,d100,0.4278883004385705,0.9513057831481097,15.718517488470772,16.66982327161888
3,d1,0.6862165995835288,0.4884693494414028,5.382315302295959,5.870784651737362
3,d2,0.750241291355605,0.3770782987358936,7.2070169836686215,7.584095282404515
3,d3,0.9522591650467104,0.6274282350072956,7.360984805544627,7.988413040551922
3,d4,0.9443367495184002,0.6411853212437485,7.0704689811493,7.711654302393048
3,d5,0.4615535697275934,0.5444230936121223,8.677700012092043,9.222123105704165
3,d6,0.6904884089184545,0.195995144533855,1.1659979667714617,1.3619931113053168
3,d7,0.7256883903597748,0.0645924756622676,7.736334580415276,7.800927056077544
3,d8,0.8596628379581407,0.9857688480178474,3.8226299205883185,4.808398768606166
3,d9,0.6807477577498914,0.4645978847235158,5.393767242444684,5.8583651271682005
3,d10,0.9422725194213027,0.4258718268257104,5.40242887904269,5.8283007058684
3,d11,0.8571269770041205,0.8816447243746165,9.506562069150261,10.388206793524878
3,d12,0.4319954099035691,0.4098458376430103,6.470809257013823,6.880655094656833
3,d13,0.4437821171245273,0.1658120032268633,8.813861011113644,8.979673014340507
3,d14,0.5388650567882838,0.2041415713138661,0.8683888734343825,1.0725304447482487
3,d15,0.6702025489713948,0.5357815987985837,0.49821839270977075,1.0339999915083544
3,d16,1.0,0.6823319381851302,9.619917596849085,10.302249535034216
3,d17,0.6566808863944986,0.2205459956643096,2.871397476749713,3.0919434724140227
3,d18,0.658541673495542,0.1464049330716936,18.70266176654046,18.849066699612152
3,d19,0.6777742963178163,0.0153435184241378,6.480340427371224,6.495683945795362
3,d20,0.5404475632918323,0.2676511989587375,56.78090695785816,57.048558156816895
3,d21,1.0,0.1068950431605513,10.317352428867503,10.424247472028053
3,d22,0.7661514327285212,0.8659825989947968,3.0406924296953703,3.906675028690167
3,d23,0.78181702785236,0.1760745289285016,1.975462632480568,2.1515371614090695
3,d24,0.6131050727943643,0.10508190786601,48.44323312312565,48.54831503099166
3,d25,1.0,0.496608869306429,15.445019866912535,15.941628736218965
3,d26,0.7983399053567894,0.1129787309299515,16.143848404253504,16.256827135183457
3,d27,0.6864079686083435,0.2682169375493792,1.9812774029172209,2.2494943404666
3,d28,0.6377087472127748,0.8673533346226489,2.758774331236308,3.6261276658589567
3,d29,0.7524106594962402,0.6112706779071959,8.190437490529233,8.801708168436429
3,d30,1.0,0.4624106724908055,12.68757919748597,13.149989869976775
3,d31,0.6386898460073281,0.5305900956354336,1.6140922059525882,2.1446823015880216
3,d32,0.7448108382164217,0.0547321770051526,13.020120344294163,13.074852521299317
3,d33,0.871369609564526,0.0042710944505345,18.32787960508646,18.332150699536992
3,d34,0.8824571201440984,0.4733438217980411,9.48491487094773,9.95825869274577
3,d35,0.745080705866929,0.6858598972114482,5.449386678874512,6.13524657608596
3,d36,0.9428491055401372,0.8705521518953744,0.12382857187750262,0.994380723772877
3,d37,0.9331550625258632,0.0612264541271615,8.354779327533437,8.4160057816606
3,d38,0.8230232154695204,0.5123888115174334,3.181876603764584,3.6942654152820174
3,d39,0.8235568747153306,0.4422080628277681,4.410314817047916,4.852522879875684
3,d40,0.7321020780252951,0.0381180467534172,14.935500546429209,14.973618593182627
3,d41,1.0,0.7330780276295283,6.624368600330019,7.357446627959548
3,d42,0.882672711612928,0.6600732244837185,3.1252221325569782,3.7852953570406966
3,d43,0.7650252718472645,0.2647829831443443,6.737854297190108,7.002637280334452
3,d44,0.7704128653723852,0.5395451245308905,21.857500626283354,22.397045750814243
3,d45,0.8448537391180057,0.4073335225250493,9.727036471341409,10.134369993866457
3,d46,0.885870360387782,0.7371358537080552,14.809182498102027,15.546318351810083
3,d47,0.6700767767766291,0.8204349903201831,7.554501346763138,8.374936337083321
3,d48,0.6236170265966182,0.6744959024664872,9.816234119970916,10.490730022437404
3,d49,0.8976422484945852,0.6723761257003955,4.357491371123672,5.0298674968240675
3,d50,0.782057757095968,0.3110659971888709,4.1424014778416405,4.453467475030512
3,d51,0.9693372718446366,0.5627641174589416,15.070818207581349,15.63358232504029
3,d52,1.0,0.9527484508240278,1.0815308647867743,2.034279315610802
3,d53,0.6911459936597999,0.0738058073055961,3.626127598533362,3.699933405838958
3,d54,0.7584662854409747,0.6617411490783438,9.612250967822646,10.27399211690099
3,d55,0.7812949268182745,0.2173968415080795,6.297330440039746,6.514727281547825
3,d56,0.7179196404382824,0.0271671424002741,8.666086921431868,8.693254063832141
3,d57,0.8205788298648009,0.5523670065202334,4.643621001638903,5.195988008159136
3,d58,0.6940609767149655,0.2088661051907878,13.803432306570638,14.012298411761426
3,d59,0.8178350937039319,0.0304324713071912,7.3572213711733125,7.387653842480503
3,d60,0.9603820460614556,0.2441125077921133,6.212925435873357,6.457037943665471
3,d61,0.419090695664929,0.3396223303720793,51.9445193128456,52.28414164321768
3,d62,0.6391033765864687,0.5819727585806332,17.34606216501833,17.928034923598965
3,d63,0.8937506519144466,0.0697869101720041,6.769169844035189,6.838956754207193
3,d64,0.8114045779888318,0.061134838390738,13.002923224414912,13.06405806280565
3,d65,0.9926779692927612,0.2192367022419535,14.669669226589122,14.888905928831075
3,d66,1.0,0.416651003991029,2.2689706233173474,2.6856216273083766
3,d67,0.5372001047028663,0.1095342378602383,5.662888282197738,5.772422520057976
3,d68,1.0,0.2358367391446861,2.0377656460811853,2.2736023852258715
3,d69,0.712022265296254,0.8057497763096095,5.209052377824289,6.014802154133898
3,d70,0.8976915716671947,0.6615382478708512,4.179727113996443,4.841265361867294
3,d71,1.0,0.9532450602827024,7.739493315527907,8.69273837581061
3,d72,1.0,0.8135466378420463,3.24650347250961,4.060050110351656
3,d73,0.9323702357024396,0.2465758596168992,18.61196960883243,18.85854546844933
3,d74,0.6245366202722102,0.0249182791854667,4.79742707489734,4.822345354082806
3,d75,1.0,0.4539938264734323,14.759652906387672,15.213646732861104
3,d76,0.4668220687961897,0.9139428164460672,12.148696764844717,13.062639581290783
3,d77,0.6153561304077068,0.8192447071784767,4.7584457409143335,5.5776904480928104
3,d78,1.0,0.6417288777484423,14.68072655366362,15.322455431412061
3,d79,0.7078642791252231,0.392942761722586,20.61006703279113,21.003009794513716
3,d80,0.6146924859763325,0.1696376294380355,6.26963340237854,6.439271031816576
3,d81,0.8421396112737186,0.4836058296608834,11.758499157998132,12.242104987659015
3,d82,0.6308780300888795,0.7315047052996154,6.718987215450736,7.450491920750351
3,d83,0.8044762847321907,0.6798597864912188,7.826465688925598,8.506325475416817
3,d84,0.7240016491622051,0.7456837793544112,7.0166557819077084,7.762339561262119
3,d85,0.8635876237186975,0.4421231259529313,12.92271904510261,13.364842171055543
3,d86,0.6533789480454132,0.1204309134488827,18.97428545987758,19.094716373326463
3,d87,0.7141901250717854,0.0205203984577977,4.371196753962071,4.391717152419869
3,d88,0.9115059790073664,0.3468249568782421,20.644386573463382,20.991211530341623
3,d89,0.7896240178334312,0.6122854110355505,13.582553712344543,14.194839123380094
3,d90,0.8941395502240032,0.3730251727692044,2.5706627186786166,2.943687891447821
3,d91,0.6293986104535455,0.6386125882064059,5.038479458593745,5.6770920468001504
3,d92,0.4977297954318763,0.4473469334645794,23.901466721625113,24.348813655089693
3,d93,0.9550234155260442,0.3575923809381158,4.4102695641963345,4.767861945134451
3,d94,0.9073501272161404,0.1354534932662909,6.6799495992911035,6.8154030925573945
3,d95,0.9015134687773828,0.6209945983805449,3.9658638941377005,4.586858492518245
3,d96,0.671315160117374,0.1863589762176125,7.835362652062856,8.021721628280469
3,d97,0.8288591550675819,0.7641297145552959,16.83466767668242,17.598797391237717
3,d98,0.986732380810102,0.9463252093187112,12.452610210689572,13.398935420008284
3,d99,0.8502661734258218,0.0438536644798878,11.000478088958854,11.044331753438742
3,d100,0.5278883004385705,0.9513057831481097,19.205620979304207,20.15692676245232
4,d1,0.7862165995835287,0.4884693494414028,4.668232574265501,5.156701923706904
4,d2,0.850241291355605,0.3770782987358936,3.799198912831505,4.176277211567399
4,d3,1.0,0.6274282350072956,7.360984805544627,7.988413040551922
4,d4,1.0,0.6411853212437485,5.78984414801743,6.431029469261178
4,d5,0.5615535697275934,0.5444230936121223,11.587550515746775,12.131973609358898
4,d6,0.7904884089184545,0.195995144533855,1.1659979667714617,1.3619931113053168
4,d7,0.8256883903597748,0.0645924756622676,7.166801093475085,7.231393569137353
4,d8,0.9596628379581408,0.9857688480178474,3.5790342335322354,4.564803081550083
4,d9,0.7807477577498914,0.4645978847235158,5.07061006531825,5.535207950041766
4,d10,1.0,0.4258718268257104,4.118701393456529,4.544573220282239
4,d11,0.9571269770041204,0.8816447243746165,8.202479312598307,9.084124036972923
4,d12,0.5319954099035691,0.4098458376430103,11.808625582728263,12.218471420371273
4,d13,0.5437821171245273,0.1658120032268633,12.73158055087471,12.897392554101573
4,d14,0.6388650567882838,0.2041415713138661,1.1064576944841615,1.3105992657980277
4,d15,0.7702025489713947,0.5357815987985837,1.3371069508528985,1.8728885496514822
4,d16,1.0,0.6823319381851302,7.370227295413566,8.052559233598696
4,d17,0.7566808863944986,0.2205459956643096,3.5423157827302436,3.7628617783945533
4,d18,0.758541673495542,0.1464049330716936,17.361845920426244,17.508250853497938
4,d19,0.7777742963178162,0.0153435184241378,4.658484008049462,4.6738275264736
4,d20,0.6404475632918323,0.2676511989587375,56.59327456324314,56.86092576220188
4,d21,1.0,0.1068950431605513,8.628550560099168,8.735445603259718
4,d22,0.8661514327285211,0.8659825989947968,3.0406924296953703,3.906675028690167
4,d23,0.8818170278523599,0.1760745289285016,1.975462632480568,2.1515371614090695
4,d24,0.7131050727943643,0.10508190786601,51.33855525312997,51.443637160995976
4,d25,1.0,0.496608869306429,13.55360884272001,14.05021771202644
4,d26,0.8983399053567894,0.1129787309299515,11.66811555305053,11.781094283980481
4,d27,0.7864079686083435,0.2682169375493792,1.7912271241803341,2.0594440617297134
4,d28,0.7377087472127748,0.8673533346226489,2.642548438892346,3.509901773514995
4,d29,0.8524106594962402,0.6112706779071959,5.9883517050734305,6.599622382980627
4,d30,1.0,0.4624106724908055,11.13442688561127,11.596837558102074
4,d31,0.7386898460073281,0.5305900956354336,1.6140922059525882,2.1446823015880216
4,d32,0.8448108382164217,0.0547321770051526,10.919390278029597,10.97412245503475
4,d33,0.971369609564526,0.0042710944505345,15.956886674048782,15.961157768499316
4,d34,0.9824571201440984,0.4733438217980411,6.576912799969541,7.050256621767582
4,d35,0.845080705866929,0.6858598972114482,4.734664745412879,5.420524642624327
4,d36,1.0,0.8705521518953744,0.12382857187750262,0.994380723772877
4,d37,1.0,0.0612264541271615,8.354779327533437,8.4160057816606
4,d38,0.9230232154695204,0.5123888115174334,2.4079065797732713,2.9202953912907046
4,d39,0.9235568747153304,0.4422080628277681,3.630240713156508,4.0724487759842765
4,d40,0.8321020780252951,0.0381180467534172,15.149443471831995,15.187561518585413
4,d41,1.0,0.7330780276295283,6.624368600330019,7.357446627959548
4,d42,0.982672711612928,0.6600732244837185,1.729449950906992,2.3895231753907105
4,d43,0.8650252718472645,0.2647829831443443,6.731794544604642,6.996577527748986
4,d44,0.8704128653723852,0.5395451245308905,18.967008434031538,19.506553558562427
4,d45,0.9448537391180056,0.4073335225250493,7.957855831049495,8.365189353574545
4,d46,0.985870360387782,0.7371358537080552,9.838359378367883,10.575495232075939
4,d47,0.7700767767766291,0.8204349903201831,7.149507512641956,7.969942502962139
4,d48,0.7236170265966182,0.6744959024664872,8.327974023562234,9.002469926028722
4,d49,0.9976422484945852,0.6723761257003955,3.245188100631716,3.9175642263321118
4,d50,0.882057757095968,0.3110659971888709,3.6620207848998656,3.9730867820887363
4,d51,1.0,0.5627641174589416,11.779683459419974,12.342447576878916
4,d52,1.0,0.9527484508240278,1.0815308647867743,2.034279315610802
4,d53,0.7911459936597999,0.0738058073055961,3.02827633492857,3.1020821422341665
4,d54,0.8584662854409747,0.6617411490783438,8.599926785290386,9.26166793436873
4,d55,0.8812949268182745,0.2173968415080795,6.109780395969922,6.3271772374780015
4,d56,0.8179196404382824,0.0271671424002741,7.405210917971524,7.432378060371798
4,d57,0.9205788298648008,0.5523670065202334,3.16786414702152,3.7202311535417536
4,d58,0.7940609767149654,0.2088661051907878,12.194806058993317,12.403672164184105
4,d59,0.917835093703932,0.0304324713071912,6.641376088007011,6.671808559314202
4,d60,1.0,0.2441125077921133,6.212925435873357,6.457037943665471
4,d61,0.519090695664929,0.3396223303720793,119.0150216897791,119.35464402015118
4,d62,0.7391033765864686,0.5819727585806332,16.434656375494157,17.01662913407479
4,d63,0.9937506519144466,0.0697869101720041,5.759541949728155,5.829328859900159
4,d64,0.9114045779888318,0.061134838390738,10.628267867084649,10.689402705475386
4,d65,1.0,0.2192367022419535,13.23740472409475,13.456641426336704
4,d66,1.0,0.416651003991029,2.2689706233173474,2.6856216273083766
4,d67,0.6372001047028663,0.1095342378602383,5.239793995254386,5.349328233114624
4,d68,1.0,0.2358367391446861,1.7604283424011056,1.9962650815457916
4,d69,0.812022265296254,0.8057497763096095,4.947072833302389,5.752822609611998
4,d70,0.9976915716671948,0.6615382478708512,3.508878563461714,4.170416811332565
4,d71,1.0,0.9532450602827024,6.398668218895961,7.351913279178663
4,d72,1.0,0.8135466378420463,3.24650347250961,4.060050110351656
4,d73,1.0,0.2465758596168992,17.948106752103953,18.194682611720854
4,d74,0.7245366202722102,0.0249182791854667,4.79742707489734,4.822345354082806
4,d75,1.0,0.4539938264734323,13.97579367284196,14.429787499315392
4,d76,0.5668220687961897,0.9139428164460672,20.00995273447033,20.923895550916395
4,d77,0.7153561304077067,0.8192447071784767,3.7822838107924532,4.60152851797093
4,d78,1.0,0.6417288777484423,13.139816893275006,13.781545771023447
4,d79,0.8078642791252231,0.392942761722586,16.793387606932676,17.186330368655263
4,d80,0.7146924859763325,0.1696376294380355,5.898672100227222,6.068309729665258
4,d81,0.9421396112737186,0.4836058296608834,8.760474365822644,9.244080195483527
4,d82,0.7308780300888795,0.7315047052996154,6.886945139526828,7.6184498448264435
4,d83,0.9044762847321908,0.6798597864912188,6.422266219096876,7.1021260055880955
4,d84,0.8240016491622051,0.7456837793544112,6.696565663387648,7.4422494427420585
4,d85,0.9635876237186974,0.4421231259529313,9.643441490906195,10.085564616859127
4,d86,0.7533789480454132,0.1204309134488827,19.231291055070333,19.351721968519215
4,d87,0.8141901250717853,0.0205203984577977,3.3951164898906123,3.41563688834841
4,d88,1.0,0.3468249568782421,17.254482239498365,17.601307196376606
4,d89,0.8896240178334311,0.6122854110355505,11.141799036984041,11.754084448019592
4,d90,0.9941395502240032,0.3730251727692044,2.569020932966748,2.9420461057359524
4,d91,0.7293986104535455,0.6386125882064059,4.268695395145391,4.907307983351797
4,d92,0.5977297954318763,0.4473469334645794,34.94998655740831,35.39733349087289
4,d93,1.0,0.3575923809381158,3.3716495881276725,3.729241969065788
4,d94,1.0,0.1354534932662909,5.515666118640806,5.651119611907097
4,d95,1.0,0.6209945983805449,3.963459416163328,4.584454014543873
4,d96,0.771315160117374,0.1863589762176125,4.9749278897987335,5.161286866016346
4,d97,0.928859155067582,0.7641297145552959,13.042937344004004,13.8070670585593
4,d98,1.0,0.9463252093187112,9.494729128921565,10.441054338240276
4,d99,0.9502661734258218,0.0438536644798878,9.172064713680644,9.215918378160532
4,d100,0.6278883004385705,0.9513057831481097,23.01664818331778,23.967953966465892
5,d1,0.8862165995835287,0.4884693494414028,3.432766840357294,3.9212361897986967
5,d2,0.950241291355605,0.3770782987358936,3.30529706062899,3.682375359364884
5,d3,1.0,0.6274282350072956,5.787490749598868,6.414918984606164
5,d4,1.0,0.6411853212437485,5.659420602664633,6.300605923908381
5,d5,0.6615535697275934,0.5444230936121223,15.033624230362841,15.578047323974964
5,d6,0.8904884089184545,0.195995144533855,1.1659979667714617,1.3619931113053168
5,d7,0.9256883903597748,0.0645924756622676,5.56947296915931,5.634065444821578
5,d8,1.0,0.9857688480178474,2.957126202914295,3.942895050932142
5,d9,0.8807477577498913,0.4645978847235158,4.166794403598041,4.631392288321557
5,d10,1.0,0.4258718268257104,3.5518774356129845,3.977749262438695
5,d11,1.0,0.8816447243746165,8.202479312598307,9.084124036972923
5,d12,0.6319954099035691,0.4098458376430103,13.991047472996803,14.400893310639812
5,d13,0.6437821171245273,0.1658120032268633,14.812388898101057,14.97820090132792
5,d14,0.7388650567882837,0.2041415713138661,1.8292833872390493,2.0334249585529154
5,d15,0.8702025489713947,0.5357815987985837,1.3371069508528985,1.8728885496514822
5,d16,1.0,0.6823319381851302,6.407692371719122,7.090024309904252
5,d17,0.8566808863944986,0.2205459956643096,2.319784457109143,2.5403304527734525
5,d18,0.858541673495542,0.1464049330716936,16.68406261443357,16.830467547505265
5,d19,0.8777742963178162,0.0153435184241378,2.734375588194072,2.74971910661821
5,d20,0.7404475632918323,0.2676511989587375,55.80419466732559,56.07184586628433
5,d21,1.0,0.1068950431605513,8.628550560099168,8.735445603259718
5,d22,0.9661514327285212,0.8659825989947968,3.0406924296953703,3.906675028690167
5,d23,0.98181702785236,0.1760745289285016,1.975462632480568,2.1515371614090695
5,d24,0.8131050727943643,0.10508190786601,48.3782643746179,48.48334628248391
5,d25,1.0,0.496608869306429,12.110358693684901,12.606967562991331
5,d26,0.9983399053567894,0.1129787309299515,9.037360078488854,9.150338809418805
5,d27,0.8864079686083435,0.2682169375493792,1.417230831162998,1.6854477687123772
5,d28,0.8377087472127748,0.8673533346226489,2.642548438892346,3.509901773514995
5,d29,0.9524106594962402,0.6112706779071959,4.99334195883028,5.604612636737476
5,d30,1.0,0.4624106724908055,9.02281629977875,9.485226972269555
5,d31,0.8386898460073281,0.5305900956354336,1.6140922059525882,2.1446823015880216
5,d32,0.9448108382164216,0.0547321770051526,9.973661253891489,10.028393430896642
5,d33,1.0,0.0042710944505345,12.682899609279136,12.68717070372967
5,d34,1.0,0.4733438217980411,5.809569394769482,6.282913216567523
5,d35,0.9450807058669288,0.6858598972114482,4.734664745412879,5.420524642624327
5,d36,1.0,0.8705521518953744,0.0,0.8705521518953744
5,d37,1.0,0.0612264541271615,8.280789175058864,8.342015629186026
5,d38,1.0,0.5123888115174334,2.4079065797732713,2.9202953912907046
5,d39,1.0,0.4422080628277681,3.533471196330195,3.975679259157963
5,d40,0.9321020780252952,0.0381180467534172,12.88892829068329,12.927046337436709
5,d41,1.0,0.7330780276295283,6.624368600330019,7.357446627959548
5,d42,1.0,0.6600732244837185,1.638983848391939,2.2990570728756574
5,d43,0.9650252718472644,0.2647829831443443,6.731794544604642,6.996577527748986
5,d44,0.9704128653723852,0.5395451245308905,16.006329775098514,16.545874899629403
5,d45,1.0,0.4073335225250493,4.962011977512826,5.369345500037875
5,d46,1.0,0.7371358537080552,6.762615992426442,7.4997518461344965
5,d47,0.8700767767766291,0.8204349903201831,6.5975996472038085,7.418034637523991
5,d48,0.8236170265966182,0.6744959024664872,8.327974023562234,9.002469926028722
5,d49,1.0,0.6723761257003955,1.988195509979951,2.6605716356803466
5,d50,0.982057757095968,0.3110659971888709,3.539428927677803,3.8504949248666738
5,d51,1.0,0.5627641174589416,10.888942681020222,11.451706798479163
5,d52,1.0,0.9527484508240278,1.0815308647867743,2.034279315610802
5,d53,0.8911459936597999,0.0738058073055961,3.02827633492857,3.1020821422341665
5,d54,0.9584662854409748,0.6617411490783438,7.467720467563613,8.129461616641956
5,d55,0.9812949268182743,0.2173968415080795,5.501523772157951,5.71892061366603
5,d56,0.9179196404382824,0.0271671424002741,6.19348753803464,6.220654680434914
5,d57,1.0,0.5523670065202334,3.0963565337998293,3.648723540320063
5,d58,0.8940609767149654,0.2088661051907878,10.209845119040077,10.418711224230865
5,d59,1.0,0.0304324713071912,5.61291375543243,5.643346226739621
5,d60,1.0,0.2441125077921133,5.26422149279949,5.508334000591604
5,d61,0.619090695664929,0.3396223303720793,184.013899283806,184.35352161417808
5,d62,0.8391033765864686,0.5819727585806332,15.802886818779509,16.384859577360142
5,d63,1.0,0.0697869101720041,4.565995220670775,4.635782130842779
5,d64,1.0,0.061134838390738,9.502183780319779,9.563318618710516
5,d65,1.0,0.2192367022419535,12.95789552243722,13.177132224679173
5,d66,1.0,0.416651003991029,2.2689706233173474,2.6856216273083766
5,d67,0.7372001047028662,0.1095342378602383,5.649661750411076,5.759195988271315
5,d68,1.0,0.2358367391446861,1.7604283424011056,1.9962650815457916
5,d69,0.912022265296254,0.8057497763096095,4.880355644932322,5.6861054212419315
5,d70,1.0,0.6615382478708512,2.4950267550104486,3.1565650028812997
5,d71,1.0,0.9532450602827024,6.212230579541575,7.165475639824277
5,d72,1.0,0.8135466378420463,3.24650347250961,4.060050110351656
5,d73,1.0,0.2465758596168992,15.349316884075169,15.595892743692067
5,d74,0.8245366202722102,0.0249182791854667,4.79742707489734,4.822345354082806
5,d75,1.0,0.4539938264734323,13.942930677171173,14.396924503644605
5,d76,0.6668220687961897,0.9139428164460672,21.804128901397544,22.71807171784361
5,d77,0.8153561304077067,0.8192447071784767,3.2420414677788445,4.0612861749573215
5,d78,1.0,0.6417288777484423,11.648169000964925,12.289897878713367
5,d79,0.907864279125223,0.392942761722586,17.439248748847493,17.83219151057008
5,d80,0.8146924859763325,0.1696376294380355,5.898672100227222,6.068309729665258
5,d81,1.0,0.4836058296608834,7.42808565179422,7.911691481455103
5,d82,0.8308780300888795,0.7315047052996154,5.467400730093341,6.198905435392956
5,d83,1.0,0.6798597864912188,6.389158822558093,7.069018609049312
5,d84,0.9240016491622052,0.7456837793544112,5.292710924461873,6.038394703816284
5,d85,1.0,0.4421231259529313,7.556300400426134,7.9984235263790655
5,d86,0.8533789480454131,0.1204309134488827,16.68654470427507,16.806975617723953
5,d87,0.9141901250717852,0.0205203984577977,3.3706440806036397,3.3911644790614375
5,d88,1.0,0.3468249568782421,15.951294193483958,16.2981191503622
5,d89,0.9896240178334312,0.6122854110355505,8.59889862957406,9.211184040609611
5,d90,1.0,0.3730251727692044,2.569020932966748,2.9420461057359524
5,d91,0.8293986104535455,0.6386125882064059,3.4779557081180674,4.116568296324473
5,d92,0.6977297954318763,0.4473469334645794,38.1767964505824,38.62414338404698
5,d93,1.0,0.3575923809381158,2.309140813500199,2.6667331944383146
5,d94,1.0,0.1354534932662909,5.039061726028328,5.174515219294619
5,d95,1.0,0.6209945983805449,2.513080600541235,3.13407519892178
5,d96,0.871315160117374,0.1863589762176125,3.86468672964711,4.0510457058647225
5,d97,1.0,0.7641297145552959,12.15862849069002,12.922758205245316
5,d98,1.0,0.9463252093187112,7.9893022343759785,8.93562744369469
5,d99,1.0,0.0438536644798878,8.34404930780274,8.387902972282628
5,d100,0.7278883004385704,0.9513057831481097,23.157013962898947,24.10831974604706
6,d1,0.9862165995835288,0.4884693494414028,3.432766840357294,3.9212361897986967
6,d2,1.0,0.3770782987358936,3.30529706062899,3.682375359364884
6,d3,1.0,0.6274282350072956,4.398322615307867,5.025750850315163
6,d4,1.0,0.6411853212437485,5.659420602664633,6.300605923908381
6,d5,0.7615535697275934,0.5444230936121223,16.77622461519595,17.32064770880807
6,d6,0.9904884089184544,0.195995144533855,1.1659979667714617,1.3619931113053168
6,d7,1.0,0.0645924756622676,5.56947296915931,5.634065444821578
6,d8,1.0,0.9857688480178474,2.3919688079816255,3.3777376559994727
6,d9,0.9807477577498912,0.4645978847235158,3.1123618394806325,3.576959724204148
6,d10,1.0,0.4258718268257104,2.5618643295131625,2.987736156338873
6,d11,1.0,0.8816447243746165,7.133760466257778,8.015405190632395
6,d12,0.731995409903569,0.4098458376430103,15.251443482853777,15.661289320496786
6,d13,0.7437821171245272,0.1658120032268633,17.807977144964827,17.973789148191692
6,d14,0.8388650567882837,0.2041415713138661,1.6229451070454388,1.827086678359305
6,d15,0.9702025489713948,0.5357815987985837,1.3371069508528985,1.8728885496514822
6,d16,1.0,0.6823319381851302,5.7180641207114284,6.4003960588965585
6,d17,0.9566808863944986,0.2205459956643096,2.319784457109143,2.5403304527734525
6,d18,0.958541673495542,0.1464049330716936,14.550108946595952,14.696513879667645
6,d19,0.9777742963178162,0.0153435184241378,2.017829960082932,2.03317347850707
6,d20,0.8404475632918322,0.2676511989587375,53.23289574901074,53.500546947969475
6,d21,1.0,0.1068950431605513,7.102120600860278,7.2090156440208295
6,d22,1.0,0.8659825989947968,2.582192806876319,3.448175405871116
6,d23,1.0,0.1760745289285016,1.975462632480568,2.1515371614090695
6,d24,0.9131050727943644,0.10508190786601,43.54126237890197,43.64634428676798
6,d25,1.0,0.496608869306429,12.110358693684901,12.606967562991331
6,d26,1.0,0.1129787309299515,7.5229310692290845,7.635909800159036
6,d27,0.9864079686083436,0.2682169375493792,1.417230831162998,1.6854477687123772
6,d28,0.9377087472127748,0.8673533346226489,2.642548438892346,3.509901773514995
6,d29,1.0,0.6112706779071959,3.7621124900342164,4.373383167941412
6,d30,1.0,0.4624106724908055,6.801971407796114,7.26438208028692
6,d31,0.938689846007328,0.5305900956354336,0.9458361565876082,1.4764262522230418
6,d32,1.0,0.0547321770051526,9.334038855743275,9.388771032748428
6,d33,1.0,0.0042710944505345,11.593594178476648,11.597865272927182
6,d34,1.0,0.4733438217980411,5.809569394769482,6.282913216567523
6,d35,1.0,0.6858598972114482,4.218651625295913,4.904511522507361
6,d36,1.0,0.8705521518953744,0.0,0.8705521518953744
6,d37,1.0,0.0612264541271615,7.8418427709066085,7.90306922503377
6,d38,1.0,0.5123888115174334,1.5527426113100065,2.0651314228274398
6,d39,1.0,0.4422080628277681,3.533471196330195,3.975679259157963
6,d40,1.0,0.0381180467534172,12.082568883482312,12.12068693023573
6,d41,1.0,0.7330780276295283,4.886215313880559,5.619293341510087
6,d42,1.0,0.6600732244837185,1.638983848391939,2.2990570728756574
6,d43,1.0,0.2647829831443443,6.626508035966222,6.891291019110566
6,d44,1.0,0.5395451245308905,15.092495435605107,15.632040560135998
6,d45,1.0,0.4073335225250493,4.061174727788317,4.468508250313366
6,d46,1.0,0.7371358537080552,6.22547231084515,6.962608164553205
6,d47,0.9700767767766292,0.8204349903201831,6.510968050840127,7.33140304116031
6,d48,0.9236170265966182,0.6744959024664872,7.554003999570922,8.22849990203741
6,d49,1.0,0.6723761257003955,1.988195509979951,2.6605716356803466
6,d50,1.0,0.3110659971888709,1.8458989889747002,2.156964986163571
6,d51,1.0,0.5627641174589416,9.461425134774018,10.02418925223296
6,d52,1.0,0.9527484508240278,1.0815308647867743,2.034279315610802
6,d53,0.9911459936597998,0.0738058073055961,3.02827633492857,3.1020821422341665
6,d54,1.0,0.6617411490783438,6.735227441037123,7.396968590115467
6,d55,1.0,0.2173968415080795,4.754920466141875,4.972317307649954
6,d56,1.0,0.0271671424002741,5.772236299112105,5.799403441512379
6,d57,1.0,0.5523670065202334,3.0963565337998293,3.648723540320063
6,d58,0.9940609767149654,0.2088661051907878,9.586912161337676,9.795778266528464
6,d59,1.0,0.0304324713071912,4.292372988297196,4.322805459604387
6,d60,1.0,0.2441125077921133,4.653335665336991,4.897448173129105
6,d61,0.719090695664929,0.3396223303720793,251.59885519481332,251.9384775251854
6,d62,0.9391033765864686,0.5819727585806332,13.013577853817509,13.595550612398142
6,d63,1.0,0.0697869101720041,4.565995220670775,4.635782130842779
6,d64,1.0,0.061134838390738,8.727894469985422,8.78902930837616
6,d65,1.0,0.2192367022419535,9.573689478723129,9.792926180965082
6,d66,1.0,0.416651003991029,0.7901497543990741,1.206800758390103
6,d67,0.8372001047028662,0.1095342378602383,5.649661750411076,5.759195988271315
6,d68,1.0,0.2358367391446861,1.7604283424011056,1.9962650815457916
6,d69,1.0,0.8057497763096095,4.179570845736386,4.985320622045995
6,d70,1.0,0.6615382478708512,2.4950267550104486,3.1565650028812997
6,d71,1.0,0.9532450602827024,5.864570750927288,6.81781581120999
6,d72,1.0,0.8135466378420463,2.365052665829573,3.1785993036716196
6,d73,1.0,0.2465758596168992,12.134184199745595,12.380760059362494
6,d74,0.9245366202722102,0.0249182791854667,3.988816969862875,4.013735249048342
6,d75,1.0,0.4539938264734323,13.003734524081551,13.457728350554984
6,d76,0.7668220687961896,0.9139428164460672,21.4448262821733,22.358769098619366
6,d77,0.9153561304077068,0.8192447071784767,2.4627236849271155,3.2819683921055924
6,d78,1.0,0.6417288777484423,10.145872197022872,10.787601074771313
6,d79,1.0,0.392942761722586,15.726452539077457,16.119395300800043
6,d80,0.9146924859763323,0.1696376294380355,5.898672100227222,6.068309729665258
6,d81,1.0,0.4836058296608834,6.618615215101791,7.102221044762675
6,d82,0.9308780300888796,0.7315047052996154,5.467400730093341,6.198905435392956
6,d83,1.0,0.6798597864912188,6.389158822558093,7.069018609049312
6,d84,1.0,0.7456837793544112,4.881179909186611,5.626863688541022
6,d85,1.0,0.4421231259529313,6.242321282143703,6.684444408096634
6,d86,0.9533789480454132,0.1204309134488827,11.245197324421916,11.3656282378708
6,d87,1.0,0.0205203984577977,3.3706440806036397,3.3911644790614375
6,d88,1.0,0.3468249568782421,15.142751619398128,15.48957657627637
6,d89,1.0,0.6122854110355505,8.446802559277865,9.059087970313415
6,d90,1.0,0.3730251727692044,2.569020932966748,2.9420461057359524
6,d91,0.9293986104535454,0.6386125882064059,2.7491988186707266,3.3878114068771326
6,d92,0.7977297954318763,0.4473469334645794,38.4603794185047,38.90772635196928
6,d93,1.0,0.3575923809381158,2.309140813500199,2.6667331944383146
6,d94,1.0,0.1354534932662909,3.8836117871239972,4.019065280390288
6,d95,1.0,0.6209945983805449,2.241540299584221,2.862534897964766
6,d96,0.971315160117374,0.1863589762176125,2.8706319806224947,3.056990956840107
6,d97,1.0,0.7641297145552959,11.464639315596365,12.22876903015166
6,d98,1.0,0.9463252093187112,7.4839247049300095,8.430249914248721
6,d99,1.0,0.0438536644798878,6.100847583945387,6.1447012484252745
6,d100,0.8278883004385704,0.9513057831481097,25.311368136555988,26.2626739197041
7,d1,1.0,0.4884693494414028,3.432766840357294,3.9212361897986967
7,d2,1.0,0.3770782987358936,3.1699088561032953,3.546987154839189
7,d3,1.0,0.6274282350072956,3.73128842085091,4.358716655858205
7,d4,1.0,0.6411853212437485,5.568135816278181,6.209321137521929
7,d5,0.8615535697275933,0.5444230936121223,16.24165384362432,16.78607693723644
7,d6,1.0,0.195995144533855,1.1659979667714617,1.3619931113053168
7,d7,1.0,0.0645924756622676,5.56947296915931,5.634065444821578
7,d8,1.0,0.9857688480178474,2.3919688079816255,3.3777376559994727
7,d9,1.0,0.4645978847235158,3.1123618394806325,3.576959724204148
7,d10,1.0,0.4258718268257104,2.5618643295131625,2.987736156338873
7,d11,1.0,0.8816447243746165,6.82014275833977,7.701787482714387
7,d12,0.831995409903569,0.4098458376430103,15.251443482853777,15.661289320496786
7,d13,0.8437821171245272,0.1658120032268633,18.421051550567228,18.586863553794092
7,d14,0.9388650567882836,0.2041415713138661,1.6229451070454388,1.827086678359305
7,d15,1.0,0.5357815987985837,1.3371069508528985,1.8728885496514822
7,d16,1.0,0.6823319381851302,5.7180641207114284,6.4003960588965585
7,d17,1.0,0.2205459956643096,2.2836720621930757,2.5042180578573854
7,d18,1.0,0.1464049330716936,13.334043863133171,13.480448796204865
7,d19,1.0,0.0153435184241378,2.017829960082932,2.03317347850707
7,d20,0.9404475632918322,0.2676511989587375,48.99932496214319,49.26697616110193
7,d21,1.0,0.1068950431605513,7.102120600860278,7.2090156440208295
7,d22,1.0,0.8659825989947968,2.582192806876319,3.448175405871116
7,d23,1.0,0.1760745289285016,1.975462632480568,2.1515371614090695
7,d24,1.0,0.10508190786601,39.7164463694269,39.821528277292906
7,d25,1.0,0.496608869306429,11.383617323685424,11.880226192991854
7,d26,1.0,0.1129787309299515,7.340022012275025,7.453000743204976
7,d27,1.0,0.2682169375493792,1.417230831162998,1.6854477687123772
7,d28,1.0,0.8673533346226489,1.7914896807329757,2.6588430153556244
7,d29,1.0,0.6112706779071959,3.4653389352373325,4.076609613144528
7,d30,1.0,0.4624106724908055,6.378280845963596,6.840691518454402
7,d31,1.0,0.5305900956354336,0.9458361565876082,1.4764262522230418
7,d32,1.0,0.0547321770051526,8.649539225599888,8.704271402605041
7,d33,1.0,0.0042710944505345,10.177607292237889,10.181878386688423
7,d34,1.0,0.4733438217980411,5.752323259093117,6.225667080891158
7,d35,1.0,0.6858598972114482,4.218651625295913,4.904511522507361
7,d36,1.0,0.8705521518953744,0.0,0.8705521518953744
7,d37,1.0,0.0612264541271615,7.247003765335254,7.308230219462415
7,d38,1.0,0.5123888115174334,1.5527426113100065,2.0651314228274398
7,d39,1.0,0.4422080628277681,3.2617958652225756,3.704003928050344
7,d40,1.0,0.0381180467534172,11.788993312672416,11.827111359425833
7,d41,1.0,0.7330780276295283,4.553369901663254,5.286447929292783
7,d42,1.0,0.6600732244837185,1.638983848391939,2.2990570728756574
7,d43,1.0,0.2647829831443443,6.626508035966222,6.891291019110566
7,d44,1.0,0.5395451245308905,14.296202065775509,14.8357471903064
7,d45,1.0,0.4073335225250493,3.5482431331787314,3.955576655703781
7,d46,1.0,0.7371358537080552,6.222019873270014,6.959155726978069
7,d47,1.0,0.8204349903201831,5.460388992220967,6.28082398254115
7,d48,1.0,0.6744959024664872,7.554003999570922,8.22849990203741
7,d49,1.0,0.6723761257003955,1.988195509979951,2.6605716356803466
7,d50,1.0,0.3110659971888709,1.8458989889747002,2.156964986163571
7,d51,1.0,0.5627641174589416,7.380934075719402,7.943698193178344
7,d52,1.0,0.9527484508240278,1.0815308647867743,2.034279315610802
7,d53,1.0,0.0738058073055961,3.02827633492857,3.1020821422341665
7,d54,1.0,0.6617411490783438,6.279416959456645,6.941158108534989
7,d55,1.0,0.2173968415080795,4.754920466141875,4.972317307649954
7,d56,1.0,0.0271671424002741,5.772236299112105,5.799403441512379
7,d57,1.0,0.5523670065202334,2.197240681253658,2.7496076877738913
7,d58,1.0,0.2088661051907878,8.681823949422007,8.890690054612795
7,d59,1.0,0.0304324713071912,4.2083623673440975,4.238794838651288
7,d60,1.0,0.2441125077921133,4.653335665336991,4.897448173129105
7,d61,0.819090695664929,0.3396223303720793,299.3518893732694,299.6915117036415
7,d62,1.0,0.5819727585806332,11.51165391665954,12.093626675240174
7,d63,1.0,0.0697869101720041,3.843078533182364,3.912865443354368
7,d64,1.0,0.061134838390738,8.727894469985422,8.78902930837616
7,d65,1.0,0.2192367022419535,8.160339041996528,8.379575744238482
7,d66,1.0,0.416651003991029,0.7901497543990741,1.206800758390103
7,d67,0.9372001047028662,0.1095342378602383,4.787705956804657,4.897240194664895
7,d68,1.0,0.2358367391446861,1.4898099729846759,1.725646712129362
7,d69,1.0,0.8057497763096095,4.179570845736386,4.985320622045995
7,d70,1.0,0.6615382478708512,2.4950267550104486,3.1565650028812997
7,d71,1.0,0.9532450602827024,5.250779827504204,6.204024887786907
7,d72,1.0,0.8135466378420463,2.365052665829573,3.1785993036716196
7,d73,1.0,0.2465758596168992,9.30863504458664,9.55521090420354
7,d74,1.0,0.0249182791854667,3.988816969862875,4.013735249048342
7,d75,1.0,0.4539938264734323,11.24798008675101,11.701973913224442
7,d76,0.8668220687961896,0.9139428164460672,19.767039008684126,20.680981825130193
7,d77,1.0,0.8192447071784767,1.6391380648399572,2.458382772018434
7,d78,1.0,0.6417288777484423,10.145872197022872,10.787601074771313
7,d79,1.0,0.392942761722586,15.726452539077457,16.119395300800043
7,d80,1.0,0.1696376294380355,5.005491762495385,5.175129391933421
7,d81,1.0,0.4836058296608834,4.8037921247659146,5.2873979544267975
7,d82,1.0,0.7315047052996154,5.404984312923994,6.136489018223609
7,d83,1.0,0.6798597864912188,6.389158822558093,7.069018609049312
7,d84,1.0,0.7456837793544112,4.096576691510557,4.842260470864968
7,d85,1.0,0.4421231259529313,6.242321282143703,6.684444408096634
7,d86,1.0,0.1204309134488827,10.065321984782386,10.18575289823127
7,d87,1.0,0.0205203984577977,3.275916237129878,3.2964366355876757
7,d88,1.0,0.3468249568782421,13.377204924612602,13.724029881490845
7,d89,1.0,0.6122854110355505,8.23725792690758,8.84954333794313
7,d90,1.0,0.3730251727692044,2.569020932966748,2.9420461057359524
7,d91,1.0,0.6386125882064059,1.5852320401957862,2.223844628402192
7,d92,0.8977297954318763,0.4473469334645794,37.5343852827925,37.98173221625708
7,d93,1.0,0.3575923809381158,1.9559986604380424,2.3135910413761582
7,d94,1.0,0.1354534932662909,3.8836117871239972,4.019065280390288
7,d95,1.0,0.6209945983805449,2.241540299584221,2.862534897964766
7,d96,1.0,0.1863589762176125,2.8706319806224947,3.056990956840107
7,d97,1.0,0.7641297145552959,11.464639315596365,12.22876903015166
7,d98,1.0,0.9463252093187112,7.045987557543016,7.992312766861728
7,d99,1.0,0.0438536644798878,5.217684371284374,5.261538035764262
7,d100,0.9278883004385704,0.9513057831481097,23.953487086632517,24.90479286978063
8,d1,1.0,0.4884693494414028,3.432766840357294,3.9212361897986967
8,d2,1.0,0.3770782987358936,2.9443941744622943,3.3214724731981877
8,d3,1.0,0.6274282350072956,3.73128842085091,4.358716655858205
8,d4,1.0,0.6411853212437485,4.803017083393326,5.444202404637074
8,d5,0.9615535697275932,0.5444230936121223,16.24165384362432,16.78607693723644
8,d6,1.0,0.195995144533855,1.1659979667714617,1.3619931113053168
8,d7,1.0,0.0645924756622676,5.452995196335439,5.517587671997707
8,d8,1.0,0.9857688480178474,2.3919688079816255,3.3777376559994727
8,d9,1.0,0.4645978847235158,3.1123618394806325,3.576959724204148
8,d10,1.0,0.4258718268257104,2.5618643295131625,2.987736156338873
8,d11,1.0,0.8816447243746165,6.82014275833977,7.701787482714387
8,d12,0.931995409903569,0.4098458376430103,15.251443482853777,15.661289320496786
8,d13,0.9437821171245272,0.1658120032268633,18.421051550567228,18.586863553794092
8,d14,1.0,0.2041415713138661,1.6229451070454388,1.827086678359305
8,d15,1.0,0.5357815987985837,1.3371069508528985,1.8728885496514822
8,d16,1.0,0.6823319381851302,5.7180641207114284,6.4003960588965585
8,d17,1.0,0.2205459956643096,2.2836720621930757,2.5042180578573854
8,d18,1.0,0.1464049330716936,13.087663376430156,13.234068309501849
8,d19,1.0,0.0153435184241378,1.69634926224154,1.7116927806656776
8,d20,1.0,0.2676511989587375,45.9340308728918,46.20168207185054
8,d21,1.0,0.1068950431605513,6.901152092784404,7.008047135944955
8,d22,1.0,0.8659825989947968,2.582192806876319,3.448175405871116
8,d23,1.0,0.1760745289285016,1.6938710549342513,1.8699455838627528
8,d24,1.0,0.10508190786601,37.91814785565931,38.02322976352532
8,d25,1.0,0.496608869306429,11.140733121738368,11.637341991044797
8,d26,1.0,0.1129787309299515,7.340022012275025,7.453000743204976
8,d27,1.0,0.2682169375493792,1.417230831162998,1.6854477687123772
8,d28,1.0,0.8673533346226489,1.7914896807329757,2.6588430153556244
8,d29,1.0,0.6112706779071959,3.4653389352373325,4.076609613144528
8,d30,1.0,0.4624106724908055,6.193574201939612,6.655984874430417
8,d31,1.0,0.5305900956354336,0.9458361565876082,1.4764262522230418
8,d32,1.0,0.0547321770051526,7.982423034910272,8.037155211915424
8,d33,1.0,0.0042710944505345,9.693779312619835,9.698050407070369
8,d34,1.0,0.4733438217980411,5.752323259093117,6.225667080891158
8,d35,1.0,0.6858598972114482,4.218651625295913,4.904511522507361
8,d36,1.0,0.8705521518953744,0.0,0.8705521518953744
8,d37,1.0,0.0612264541271615,7.247003765335254,7.308230219462415
8,d38,1.0,0.5123888115174334,1.5527426113100065,2.0651314228274398
8,d39,1.0,0.4422080628277681,3.2617958652225756,3.704003928050344
8,d40,1.0,0.0381180467534172,11.788993312672416,11.827111359425833
8,d41,1.0,0.7330780276295283,4.087955602788917,4.821033630418445
8,d42,1.0,0.6600732244837185,1.638983848391939,2.2990570728756574
8,d43,1.0,0.2647829831443443,6.626508035966222,6.891291019110566
8,d44,1.0,0.5395451245308905,14.296202065775509,14.8357471903064
8,d45,1.0,0.4073335225250493,3.1490758510938752,3.5564093736189246
8,d46,1.0,0.7371358537080552,5.541948166193727,6.279084019901782
8,d47,1.0,0.8204349903201831,5.460388992220967,6.28082398254115
8,d48,1.0,0.6744959024664872,7.554003999570922,8.22849990203741
8,d49,1.0,0.6723761257003955,1.988195509979951,2.6605716356803466
8,d50,1.0,0.3110659971888709,1.8458989889747002,2.156964986163571
8,d51,1.0,0.5627641174589416,7.380934075719402,7.943698193178344
8,d52,1.0,0.9527484508240278,1.0815308647867743,2.034279315610802
8,d53,1.0,0.0738058073055961,3.02827633492857,3.1020821422341665
8,d54,1.0,0.6617411490783438,6.279416959456645,6.941158108534989
8,d55,1.0,0.2173968415080795,4.754920466141875,4.972317307649954
8,d56,1.0,0.0271671424002741,5.199385494353981,5.226552636754255
8,d57,1.0,0.5523670065202334,2.197240681253658,2.7496076877738913
8,d58,1.0,0.2088661051907878,8.013157828155228,8.222023933346016
8,d59,1.0,0.0304324713071912,4.2083623673440975,4.238794838651288
8,d60,1.0,0.2441125077921133,4.653335665336991,4.897448173129105
8,d61,0.919090695664929,0.3396223303720793,315.34818831888686,315.68781064925895
8,d62,1.0,0.5819727585806332,10.221430431158005,10.803403189738638
8,d63,1.0,0.0697869101720041,3.843078533182364,3.912865443354368
8,d64,1.0,0.061134838390738,8.727894469985422,8.78902930837616
8,d65,1.0,0.2192367022419535,8.160339041996528,8.379575744238482
8,d66,1.0,0.416651003991029,0.7901497543990741,1.206800758390103
8,d67,1.0,0.1095342378602383,3.756796774435174,3.866331012295412
8,d68,1.0,0.2358367391446861,1.4898099729846759,1.725646712129362
8,d69,1.0,0.8057497763096095,4.179570845736386,4.985320622045995
8,d70,1.0,0.6615382478708512,2.4950267550104486,3.1565650028812997
8,d71,1.0,0.9532450602827024,5.250779827504204,6.204024887786907
8,d72,1.0,0.8135466378420463,2.365052665829573,3.1785993036716196
8,d73,1.0,0.2465758596168992,9.30863504458664,9.55521090420354
8,d74,1.0,0.0249182791854667,3.988816969862875,4.013735249048342
8,d75,1.0,0.4539938264734323,11.24798008675101,11.701973913224442
8,d76,0.9668220687961896,0.9139428164460672,19.767039008684126,20.680981825130193
8,d77,1.0,0.8192447071784767,1.6391380648399572,2.458382772018434
8,d78,1.0,0.6417288777484423,9.61861288920289,10.260341766951331
8,d79,1.0,0.392942761722586,15.726452539077457,16.119395300800043
8,d80,1.0,0.1696376294380355,5.005491762495385,5.175129391933421
8,d81,1.0,0.4836058296608834,4.8037921247659146,5.2873979544267975
8,d82,1.0,0.7315047052996154,5.404984312923994,6.136489018223609
8,d83,1.0,0.6798597864912188,6.389158822558093,7.069018609049312
8,d84,1.0,0.7456837793544112,4.096576691510557,4.842260470864968
8,d85,1.0,0.4421231259529313,6.242321282143703,6.684444408096634
8,d86,1.0,0.1204309134488827,10.065321984782386,10.18575289823127
8,d87,1.0,0.0205203984577977,3.275916237129878,3.2964366355876757
8,d88,1.0,0.3468249568782421,12.812455856301693,13.159280813179935
8,d89,1.0,0.6122854110355505,8.119306992176712,8.731592403212263
8,d90,1.0,0.3730251727692044,2.569020932966748,2.9420461057359524
8,d91,1.0,0.6386125882064059,1.5852320401957862,2.223844628402192
8,d92,0.9977297954318762,0.4473469334645794,37.5343852827925,37.98173221625708
8,d93,1.0,0.3575923809381158,1.9559986604380424,2.3135910413761582
8,d94,1.0,0.1354534932662909,3.4355940341533957,3.5710475274196867
8,d95,1.0,0.6209945983805449,2.241540299584221,2.862534897964766
8,d96,1.0,0.1863589762176125,2.8706319806224947,3.056990956840107
8,d97,1.0,0.7641297145552959,11.464639315596365,12.22876903015166
8,d98,1.0,0.9463252093187112,7.045987557543016,7.992312766861728
8,d99,1.0,0.0438536644798878,5.217684371284374,5.261538035764262
8,d100,1.0,0.9513057831481097,23.32212816359279,24.2734339467409
9,d1,1.0,0.4884693494414028,3.432766840357294,3.9212361897986967
9,d2,1.0,0.3770782987358936,2.9443941744622943,3.3214724731981877
9,d3,1.0,0.6274282350072956,3.73128842085091,4.358716655858205
9,d4,1.0,0.6411853212437485,4.803017083393326,5.444202404637074
9,d5,1.0,0.5444230936121223,16.24165384362432,16.78607693723644
9,d6,1.0,0.195995144533855,1.1659979667714617,1.3619931113053168
9,d7,1.0,0.0645924756622676,5.452995196335439,5.517587671997707
9,d8,1.0,0.9857688480178474,2.3919688079816255,3.3777376559994727
9,d9,1.0,0.4645978847235158,3.1123618394806325,3.576959724204148
9,d10,1.0,0.4258718268257104,2.5618643295131625,2.987736156338873
9,d11,1.0,0.8816447243746165,6.82014275833977,7.701787482714387
9,d12,1.0,0.4098458376430103,15.251443482853777,15.661289320496786
9,d13,1.0,0.1658120032268633,18.421051550567228,18.586863553794092
9,d14,1.0,0.2041415713138661,1.6229451070454388,1.827086678359305
9,d15,1.0,0.5357815987985837,1.3371069508528985,1.8728885496514822
9,d16,1.0,0.6823319381851302,5.7180641207114284,6.4003960588965585
9,d17,1.0,0.2205459956643096,2.2836720621930757,2.5042180578573854
9,d18,1.0,0.1464049330716936,13.087663376430156,13.234068309501849
9,d19,1.0,0.0153435184241378,1.69634926224154,1.7116927806656776
9,d20,1.0,0.2676511989587375,45.9340308728918,46.20168207185054
9,d21,1.0,0.1068950431605513,6.901152092784404,7.008047135944955
9,d22,1.0,0.8659825989947968,2.582192806876319,3.448175405871116
9,d23,1.0,0.1760745289285016,1.6938710549342513,1.8699455838627528
9,d24,1.0,0.10508190786601,37.91814785565931,38.02322976352532
9,d25,1.0,0.496608869306429,11.140733121738368,11.637341991044797
9,d26,1.0,0.1129787309299515,7.340022012275025,7.453000743204976
9,d27,1.0,0.2682169375493792,1.417230831162998,1.6854477687123772
9,d28,1.0,0.8673533346226489,1.7914896807329757,2.6588430153556244
9,d29,1.0,0.6112706779071959,3.4653389352373325,4.076609613144528
9,d30,1.0,0.4624106724908055,6.193574201939612,6.655984874430417
9,d31,1.0,0.5305900956354336,0.9458361565876082,1.4764262522230418
9,d32,1.0,0.0547321770051526,7.982423034910272,8.037155211915424
9,d33,1.0,0.0042710944505345,9.693779312619835,9.698050407070369
9,d34,1.0,0.4733438217980411,5.752323259093117,6.225667080891158
9,d35,1.0,0.6858598972114482,4.218651625295913,4.904511522507361
9,d36,1.0,0.8705521518953744,0.0,0.8705521518953744
9,d37,1.0,0.0612264541271615,7.247003765335254,7.308230219462415
9,d38,1.0,0.5123888115174334,1.5527426113100065,2.0651314228274398
9,d39,1.0,0.4422080628277681,3.2617958652225756,3.704003928050344
9,d40,1.0,0.0381180467534172,11.788993312672416,11.827111359425833
9,d41,1.0,0.7330780276295283,4.087955602788917,4.821033630418445
9,d42,1.0,0.6600732244837185,1.638983848391939,2.2990570728756574
9,d43,1.0,0.2647829831443443,6.626508035966222,6.891291019110566
9,d44,1.0,0.5395451245308905,14.296202065775509,14.8357471903064
9,d45,1.0,0.4073335225250493,3.1490758510938752,3.5564093736189246
9,d46,1.0,0.7371358537080552,5.541948166193727,6.279084019901782
9,d47,1.0,0.8204349903201831,5.460388992220967,6.28082398254115
9,d48,1.0,0.6744959024664872,7.554003999570922,8.22849990203741
9,d49,1.0,0.6723761257003955,1.988195509979951,2.6605716356803466
9,d50,1.0,0.3110659971888709,1.8458989889747002,2.156964986163571
9,d51,1.0,0.5627641174589416,7.380934075719402,7.943698193178344
9,d52,1.0,0.9527484508240278,1.0815308647867743,2.034279315610802
9,d53,1.0,0.0738058073055961,3.02827633492857,3.1020821422341665
9,d54,1.0,0.6617411490783438,6.279416959456645,6.941158108534989
9,d55,1.0,0.2173968415080795,4.754920466141875,4.972317307649954
9,d56,1.0,0.0271671424002741,5.199385494353981,5.226552636754255
9,d57,1.0,0.5523670065202334,2.197240681253658,2.7496076877738913
9,d58,1.0,0.2088661051907878,8.013157828155228,8.222023933346016
9,d59,1.0,0.0304324713071912,4.2083623673440975,4.238794838651288
9,d60,1.0,0.2441125077921133,4.653335665336991,4.897448173129105
9,d61,1.0,0.3396223303720793,315.34818831888686,315.68781064925895
9,d62,1.0,0.5819727585806332,10.221430431158005,10.803403189738638
9,d63,1.0,0.0697869101720041,3.843078533182364,3.912865443354368
9,d64,1.0,0.061134838390738,8.727894469985422,8.78902930837616
9,d65,1.0,0.2192367022419535,8.160339041996528,8.379575744238482
9,d66,1.0,0.416651003991029,0.7901497543990741,1.206800758390103
9,d67,1.0,0.1095342378602383,3.756796774435174,3.866331012295412
9,d68,1.0,0.2358367391446861,1.4898099729846759,1.725646712129362
9,d69,1.0,0.8057497763096095,4.179570845736386,4.985320622045995
9,d70,1.0,0.6615382478708512,2.4950267550104486,3.1565650028812997
9,d71,1.0,0.9532450602827024,5.250779827504204,6.204024887786907
9,d72,1.0,0.8135466378420463,2.365052665829573,3.1785993036716196
9,d73,1.0,0.2465758596168992,9.30863504458664,9.55521090420354
9,d74,1.0,0.0249182791854667,3.988816969862875,4.013735249048342
9,d75,1.0,0.4539938264734323,11.24798008675101,11.701973913224442
9,d76,1.0,0.9139428164460672,19.767039008684126,20.680981825130193
9,d77,1.0,0.8192447071784767,1.6391380648399572,2.458382772018434
9,d78,1.0,0.6417288777484423,9.61861288920289,10.260341766951331
9,d79,1.0,0.392942761722586,15.726452539077457,16.119395300800043
9,d80,1.0,0.1696376294380355,5.005491762495385,5.175129391933421
9,d81,1.0,0.4836058296608834,4.8037921247659146,5.2873979544267975
9,d82,1.0,0.7315047052996154,5.404984312923994,6.136489018223609
9,d83,1.0,0.6798597864912188,6.389158822558093,7.069018609049312
9,d84,1.0,0.7456837793544112,4.096576691510557,4.842260470864968
9,d85,1.0,0.4421231259529313,6.242321282143703,6.684444408096634
9,d86,1.0,0.1204309134488827,10.065321984782386,10.18575289823127
9,d87,1.0,0.0205203984577977,3.275916237129878,3.2964366355876757
9,d88,1.0,0.3468249568782421,12.812455856301693,13.159280813179935
9,d89,1.0,0.6122854110355505,8.119306992176712,8.731592403212263
9,d90,1.0,0.3730251727692044,2.569020932966748,2.9420461057359524
9,d91,1.0,0.6386125882064059,1.5852320401957862,2.223844628402192
9,d92,1.0,0.4473469334645794,37.5343852827925,37.98173221625708
9,d93,1.0,0.3575923809381158,1.9559986604380424,2.3135910413761582
9,d94,1.0,0.1354534932662909,3.4355940341533957,3.5710475274196867
9,d95,1.0,0.6209945983805449,2.241540299584221,2.862534897964766
9,d96,1.0,0.1863589762176125,2.8706319806224947,3.056990956840107
9,d97,1.0,0.7641297145552959,11.464639315596365,12.22876903015166
9,d98,1.0,0.9463252093187112,7.045987557543016,7.992312766861728
9,d99,1.0,0.0438536644798878,5.217684371284374,5.261538035764262
9,d100,1.0,0.9513057831481097,23.32212816359279,24.2734339467409
